,BM,BOSS - BOSANSKA STRANKA-MIRNES AJANOVIĆ,BPS-SEFER HALILOVIĆ,DEMOKRATSKA FRONTA-ŽELJKO KOMŠIĆ,HDZ 1990 HRVATSKA DEMOKRATSKA ZAJEDNICA,"HDZ BIH, HSS, HKDU BIH, HSP HERCEG BOSNE",HSS STJEPANA RADIĆA,KAMENČIĆ AIDA,KOMUNISTIČKA PARTIJA,LABURISTIČKA STRANKA BOSNE I HERCEGOVINE LABURISTI BIH,LAVIĆ HARIS,NARODNA STRANKA RADOM ZA BOLJITAK,NAŠA STRANKA,NOVI POKRET BIH,POSAVSKA STRANKA,PRELJEVIĆ NEDIM,PRVA STRANKA,SAVEZ NEZAVISNIH SOCIJALDEMOKRATA - SNSD - MILORAD DODIK,SBB - FAHRUDIN RADONČIĆ,SDA - STRANKA DEMOKRATSKE AKCIJE,SDP-SOCIJALDEMOKRATSKA PARTIJA BIH,SDS-SRPSKA DEMOKRATSKA STRANKA,SELJAČKA STRANKA,SNAGA BOSNE I HERCEGOVINE (HSP BIH-DSI-SNAGA BOSNE-BNS),SOCIJAL DEMOKRATSKI FRONT BOSNE I HERCEGOVINE,STRANKA DIJASPORE BOSNE I HERCEGOVINE,STRANKA PRAVDE I RAZVOJA BOSNE I HERCEGOVINE,STRANKA ZA BOSNU I HERCEGOVINU,STRANKA ZA EVROPSKO SARAJEVO-SES,UNIJA SOCIJALDEMOKRATA-UNIJA ZA SVE NAS,ZAJEDNO ZA PROMJENE (SPP-SP/U-SDU-DNZ-LDS),Ukupno
,118A000,0,0,0,0,0,0,0,0,0,0,0,0,0,0,0,0,0,0,0,0,0,0,0,0,0,0,0,0,0,0,0
,118A001,4,19,77,2,17,0,0,0,0,0,3,10,2,0,0,0,1,82,106,70,0,0,1,0,1,0,0,7,15,18,435
,118A002,3,29,76,1,6,0,0,1,0,0,5,6,3,0,0,0,2,59,144,52,2,0,4,1,1,0,1,5,12,13,426
,118A003,14,29,61,2,1,0,1,6,0,0,6,6,5,0,0,0,0,79,143,60,0,0,7,0,1,0,2,9,11,14,457
,118A004,10,8,51,0,3,0,0,0,0,0,3,2,0,0,0,0,1,48,63,31,0,0,3,2,0,0,1,5,9,5,245
,118A005A,14,19,68,0,2,0,1,1,0,0,9,3,2,0,0,0,0,65,84,43,0,0,19,1,1,0,0,5,17,3,357
,118A005B,8,10,51,0,3,0,0,2,0,0,7,4,1,0,0,0,0,43,63,42,0,0,2,2,0,0,1,7,20,4,270
,118A006,5,15,44,0,1,0,0,2,0,0,15,7,2,0,0,0,1,57,84,37,0,0,3,3,1,0,0,4,6,4,291
,118A007,17,29,56,1,0,0,0,0,0,0,14,2,9,0,1,0,0,98,175,56,0,0,3,1,2,0,11,9,14,12,510
,118A008,12,44,44,0,0,0,0,0,0,0,3,0,0,0,0,0,1,58,148,19,0,0,14,2,0,0,3,2,3,3,356
,118A009,13,22,37,2,1,0,0,3,0,0,21,1,8,0,0,0,0,49,186,20,0,0,8,0,1,1,4,0,3,0,380
,118A010,11,11,38,0,3,0,0,2,0,0,27,1,5,0,0,2,0,48,122,42,0,0,13,2,0,0,1,2,10,2,342
,118A011,7,8,35,0,8,0,0,0,1,0,5,0,1,0,0,1,1,60,65,19,0,0,8,0,1,0,2,2,3,4,231
,118A012A,4,26,38,0,0,1,0,1,0,0,6,16,7,0,0,0,0,74,173,49,0,1,2,2,0,0,6,5,2,0,413
,118A012B,3,12,30,1,6,0,0,0,0,0,1,26,5,0,0,0,0,67,115,33,0,0,1,1,4,1,0,5,0,3,314
,118A013,2,15,23,0,0,0,1,0,0,0,12,0,4,0,1,0,0,85,182,9,0,0,7,3,0,0,3,2,11,0,360
,118A014A,14,12,24,0,0,0,0,0,0,0,11,1,0,0,0,0,0,52,92,35,1,0,5,2,0,0,1,2,9,4,265
,118A014B,16,14,25,0,0,0,0,1,0,0,3,0,4,0,0,0,0,49,98,38,0,0,3,1,0,0,3,0,5,4,264
,118A015,2,8,18,0,0,0,0,0,0,0,1,1,0,0,0,0,0,25,63,48,0,0,0,0,1,0,0,2,0,0,169
,118A016,2,8,31,0,0,0,0,1,0,0,7,5,0,0,0,0,3,52,166,53,0,0,0,1,0,1,2,5,6,3,346
,118A017,0,12,5,0,0,0,0,1,0,0,1,0,0,0,0,0,0,22,38,98,0,0,0,1,0,0,0,0,0,0,178
,118A018,17,15,17,0,0,0,2,0,0,0,1,4,0,0,0,0,0,46,112,17,0,0,0,0,0,0,5,1,3,5,245
,118A019,3,23,33,0,0,0,0,0,0,0,4,4,5,0,0,1,0,64,158,17,0,0,2,0,3,0,3,1,11,9,341
,118A020,12,11,48,0,0,0,0,2,0,0,4,5,0,0,0,0,0,86,216,28,0,0,5,1,1,1,0,1,4,7,432
,118A021,1,6,14,2,10,0,0,0,0,0,1,2,0,0,0,0,0,28,36,28,0,0,2,1,0,0,1,1,2,3,138
,118A022,4,21,61,0,1,0,0,1,0,0,2,4,4,0,0,0,2,47,129,69,0,0,0,1,0,0,7,1,10,3,367
,118A023,0,9,7,0,0,0,0,0,0,0,0,1,2,0,0,0,4,24,37,7,0,0,0,0,0,0,0,3,2,9,105
,118A024,6,17,32,0,0,1,0,1,1,0,9,1,0,0,0,0,0,45,254,23,0,0,1,0,0,0,8,7,8,1,415
,118A025,4,18,12,0,1,0,0,1,0,0,0,0,14,0,0,1,1,30,111,19,0,1,0,2,1,0,2,0,20,0,238
,118A026,3,12,8,0,1,0,1,0,0,0,2,0,1,0,1,0,0,14,113,5,0,0,0,0,0,0,2,0,11,0,174
,118A027,5,15,45,2,6,0,0,2,1,0,2,3,0,0,0,0,1,61,37,39,0,0,4,0,0,0,5,5,3,9,245
,118A028,5,27,45,1,1,0,0,1,0,0,9,1,6,0,0,1,0,63,121,28,2,0,20,0,0,0,2,5,21,4,363
,118A029,2,2,39,0,0,0,0,0,0,0,1,2,0,0,0,0,1,9,64,4,0,0,0,0,1,0,1,1,9,2,138
,130A000,0,0,0,0,0,0,0,0,0,0,0,0,0,0,0,0,0,0,0,0,0,0,0,0,0,0,0,0,0,0,0
,130A001,5,27,59,0,1,0,0,1,0,0,8,6,5,0,0,0,0,88,135,28,0,1,0,2,0,0,22,3,5,5,401
,130A002,14,14,65,0,0,0,0,1,0,0,5,1,5,0,0,0,0,98,95,30,0,0,5,4,1,0,12,3,6,5,364
,130A003A,35,29,70,1,0,0,1,2,1,1,8,9,7,0,0,0,1,54,142,31,0,0,1,0,0,0,2,9,1,4,409
,130A003B,14,20,44,0,0,0,0,3,0,0,3,5,1,1,0,0,1,44,125,10,0,0,0,3,1,1,6,0,0,10,292
,130A004,11,27,33,3,0,0,0,0,0,0,0,5,6,0,0,3,1,53,128,39,0,0,0,1,1,1,27,1,7,5,352
,130A005,12,14,30,0,0,0,0,0,0,0,5,4,0,0,0,0,0,44,75,27,0,1,2,0,0,0,4,0,5,1,224
,130A006,11,13,22,0,0,0,0,1,0,0,7,3,0,0,0,0,0,48,65,24,0,0,2,0,0,0,32,5,3,5,241
,130A007,39,12,76,0,0,0,0,1,0,0,2,6,0,0,0,0,0,33,98,48,1,0,0,0,2,0,11,3,4,3,339
,130A008,15,31,69,2,0,0,0,4,0,0,22,9,0,0,0,0,0,56,131,48,0,1,1,4,0,1,37,9,16,6,462
,130A009,9,14,100,0,0,0,0,2,0,0,1,3,0,0,0,0,0,44,108,68,0,0,0,5,1,0,7,2,0,4,368
,130A010,12,25,119,1,0,0,0,1,1,0,26,12,3,0,0,0,1,89,140,78,0,0,0,1,0,1,19,4,19,4,556
,130A011,28,29,70,3,1,1,0,3,0,0,8,4,4,0,0,0,1,58,110,61,0,0,2,1,3,0,23,2,15,11,438
,130A012,22,25,77,1,0,0,1,2,0,0,13,17,6,0,0,0,0,65,138,47,0,0,1,1,1,0,38,0,16,7,478
,130A013,5,21,51,0,0,0,0,0,0,0,5,4,2,0,0,0,0,53,90,13,2,0,1,0,3,0,9,5,1,1,266
,130A014,24,37,41,0,0,0,0,1,0,0,3,1,2,0,0,0,0,39,124,42,0,0,1,0,1,0,8,1,1,4,330
,130A015,12,23,61,0,0,0,0,0,0,0,17,3,0,0,0,0,0,79,138,43,0,0,0,3,0,0,31,2,6,5,423
,130A016,33,24,34,0,0,0,0,1,0,0,2,2,1,0,0,0,0,68,131,13,0,0,0,3,0,0,50,5,2,6,375
,130A017,13,12,56,0,0,0,0,0,1,0,0,1,0,0,0,0,0,47,77,31,0,1,0,0,0,0,43,0,0,3,285
,130A018,4,19,16,0,0,0,0,0,0,0,1,0,0,0,0,0,0,5,115,7,0,0,1,0,1,0,6,2,9,9,195
,130A019,3,60,45,0,0,0,0,1,0,0,2,0,0,1,0,0,0,45,157,54,0,0,0,0,1,0,22,1,16,9,417
,130A020,11,36,46,0,0,1,1,1,0,0,1,1,1,0,0,0,4,55,82,25,0,0,0,0,2,0,12,8,11,3,301
,130A021,11,26,34,0,0,0,0,0,0,0,0,1,2,0,0,0,0,35,164,25,0,0,0,0,2,0,16,6,7,0,329
,130A022,2,11,50,0,0,1,0,1,0,0,0,1,0,0,0,0,1,48,101,22,0,0,0,2,4,2,43,3,1,8,301
,130A023,6,18,48,4,2,1,0,6,0,0,2,2,0,0,0,1,0,32,89,16,0,0,0,4,1,0,29,1,5,0,267
,130A024,6,9,35,1,1,0,0,0,0,0,5,0,5,0,1,0,0,25,53,6,0,0,0,0,2,0,7,0,1,1,158
,130A025,6,21,17,0,0,0,0,0,0,0,0,0,0,0,0,0,1,35,216,14,0,0,0,1,1,0,51,3,2,2,370
,130A026,13,10,18,0,1,0,0,0,0,0,9,5,0,0,0,0,0,20,97,21,0,0,0,0,0,1,132,1,9,0,337
,130A027,10,20,59,0,0,0,0,0,0,0,18,1,0,0,0,4,0,39,181,27,0,0,0,5,1,0,58,2,2,1,428
,130A028,4,37,24,0,0,0,0,0,0,0,3,0,1,0,0,0,0,19,99,21,0,0,0,0,4,0,17,4,0,1,234
,130A029,6,15,23,0,0,0,0,0,0,0,0,0,2,0,0,0,0,24,96,6,0,0,0,0,8,0,53,0,2,0,235
,130A030,10,6,31,0,0,0,0,0,0,0,2,3,1,0,0,1,0,21,137,18,0,0,3,0,0,0,1,3,4,0,241
,130A031,5,16,83,0,0,0,0,1,0,0,9,2,2,0,0,1,0,56,96,34,1,0,1,0,1,1,31,3,11,7,361
,130A032,22,32,48,0,1,0,0,0,0,0,0,4,4,0,0,0,0,45,77,15,0,1,0,1,1,1,50,5,5,3,315
,130A033,1,16,38,0,0,0,2,0,0,0,4,2,0,0,0,0,0,21,46,21,0,0,0,1,0,0,18,3,3,1,177
,130A034,2,13,29,0,0,0,0,0,0,0,2,0,0,0,0,0,0,26,29,5,0,0,0,1,2,0,8,0,6,0,123
,130A035,3,20,30,1,4,0,0,1,0,0,1,2,2,0,1,0,0,39,116,27,0,0,0,0,0,0,25,1,2,0,275
,130A036,10,21,40,2,0,0,0,0,0,0,2,3,1,0,0,0,0,53,104,40,0,0,0,0,4,0,16,4,4,1,305
,131A000,0,0,0,0,0,0,0,0,0,0,0,0,0,0,0,0,0,0,0,0,0,0,0,0,0,0,0,0,0,0,0
,131A001,22,20,56,0,0,0,0,2,0,0,3,4,2,1,0,0,0,56,111,51,0,0,3,1,2,0,6,3,1,5,349
,131A002,24,16,51,0,1,0,0,1,0,0,15,8,1,0,0,0,1,53,73,15,0,1,0,1,0,0,6,2,4,4,277
,131A003,9,18,58,0,0,0,0,2,0,0,12,1,1,0,0,1,0,18,86,15,0,0,3,2,0,0,5,3,2,7,243
,131A004,31,12,42,0,0,0,0,0,0,0,9,2,0,0,0,1,1,34,83,14,0,0,0,0,4,0,8,5,2,0,248
,131A005,16,9,27,0,0,0,0,0,0,0,32,7,0,0,0,0,5,36,69,24,2,0,1,0,0,1,1,1,0,1,232
,131A006,18,20,49,0,1,0,0,1,0,0,6,8,8,0,0,0,3,40,114,12,0,0,0,2,2,0,19,4,1,2,310
,131A007,12,25,55,1,0,1,0,4,0,0,5,2,0,0,0,0,0,41,93,23,6,1,1,3,0,0,6,5,2,5,291
,131A008,21,32,34,0,1,0,0,1,0,0,4,2,1,0,1,0,1,32,92,10,0,0,2,2,6,1,6,4,7,2,262
,131A009,7,11,37,0,0,0,0,2,0,0,11,12,0,0,0,0,0,35,94,17,1,0,0,1,1,0,2,1,1,1,234
,131A010,16,5,77,0,0,0,1,0,1,0,2,12,1,0,0,0,0,60,122,40,0,0,4,0,1,1,13,13,3,7,379
,131A011,16,19,53,0,0,0,0,0,1,0,4,1,0,0,0,0,0,86,107,47,0,0,2,0,2,0,7,12,4,7,368
,131A012,9,9,43,0,1,0,0,0,0,0,1,10,1,0,0,0,0,36,74,15,0,0,0,1,1,0,9,3,3,4,220
,131A013,3,6,49,0,1,0,0,0,0,0,0,6,0,0,0,2,0,49,63,14,0,0,1,0,1,0,0,13,1,7,216
,131A014,17,24,63,0,0,0,1,0,0,0,4,6,0,0,1,0,0,69,63,29,0,0,2,3,4,0,21,14,3,6,330
,131A015,15,15,52,0,0,0,0,0,0,0,2,14,8,0,0,0,0,96,112,27,0,1,6,3,5,0,18,3,1,2,380
,131A016,32,11,45,0,0,0,1,0,0,0,3,4,0,0,0,2,0,44,159,22,0,0,5,0,1,0,11,15,2,2,359
,131A017,9,22,57,0,0,0,1,1,0,0,7,14,14,0,0,0,0,78,128,17,0,0,2,0,0,2,6,17,9,5,389
,131A018,9,8,66,0,1,0,0,0,0,0,8,7,1,0,0,14,0,53,121,26,0,0,5,2,7,0,7,7,6,14,362
,131A019,17,16,53,0,1,0,0,0,0,0,1,3,2,0,0,0,0,24,140,66,0,0,1,0,3,0,12,7,6,72,424
,131A020,11,12,74,0,4,0,0,1,0,0,18,4,0,0,0,2,1,50,140,38,0,0,4,2,1,0,11,8,4,3,388
,131A021,12,33,66,1,3,0,0,0,0,0,6,13,1,0,0,0,0,66,84,30,0,1,16,1,1,2,13,13,3,12,377
,131A022,8,13,94,0,0,0,1,0,0,0,11,3,0,0,0,2,0,45,108,40,0,1,8,0,1,0,7,14,14,15,385
,131A023,11,15,73,1,3,2,0,0,0,0,1,4,2,0,0,2,0,47,145,36,0,1,4,1,1,0,27,7,9,14,406
,131A024,6,14,66,0,0,0,0,0,0,0,1,4,3,0,0,1,1,32,173,22,0,0,8,0,1,0,7,11,6,7,363
,131A025,25,13,87,0,0,0,0,3,0,0,9,5,7,0,0,1,1,51,108,31,0,0,2,1,1,0,10,4,11,12,382
,131A026,20,15,98,0,1,0,0,0,0,0,2,4,6,0,0,1,0,61,125,30,0,0,0,1,1,0,6,7,11,5,394
,131A027,25,30,73,0,0,0,0,0,0,0,2,12,2,0,0,0,0,57,127,38,0,0,1,3,1,0,11,6,4,7,399
,131A028,13,29,66,0,1,0,0,3,0,0,2,7,3,0,0,4,0,45,123,39,0,1,4,4,1,0,21,7,4,15,392
,131A029,15,28,94,0,0,2,0,1,0,0,8,4,3,0,0,0,0,39,136,30,0,0,2,6,2,0,9,6,1,22,408
,131A030,25,17,55,0,0,0,0,2,0,0,10,3,2,0,0,4,0,48,172,41,0,0,0,3,1,0,12,8,6,15,424
,131A031,15,12,83,0,0,0,0,1,0,0,3,8,5,0,0,0,0,43,116,39,0,0,4,0,1,0,3,8,6,22,369
,131A032,17,9,91,0,0,0,0,2,0,0,13,10,1,0,0,0,0,39,179,38,0,0,1,0,4,0,13,8,5,13,443
,131A033,7,9,51,1,5,0,0,2,0,0,1,32,1,0,0,0,3,52,45,38,2,0,4,1,0,0,6,4,6,8,278
,131A034,4,14,42,2,6,0,0,3,0,0,1,29,2,0,0,0,5,55,81,51,3,0,1,0,0,0,6,0,0,2,307
,131A035,6,11,47,3,2,0,0,2,0,0,1,21,0,0,0,1,3,53,73,37,3,0,2,1,3,0,3,5,5,6,288
,131A036,15,18,57,1,1,0,0,4,0,0,7,17,1,0,0,0,3,53,63,46,0,0,5,1,1,1,2,0,5,9,310
,131A037,7,13,54,0,4,0,1,5,0,0,8,15,2,0,0,1,1,42,71,48,0,1,1,2,2,1,6,6,15,5,311
,131A038,9,15,50,2,1,0,0,1,0,0,7,23,2,1,0,2,1,59,69,31,1,0,1,0,0,0,9,3,4,4,295
,131A039,14,19,66,4,3,0,0,1,0,0,5,13,3,0,0,1,2,63,56,32,3,0,4,0,4,0,8,4,2,2,309
,131A040,2,9,61,5,3,0,0,3,0,0,4,23,12,0,0,2,5,76,63,33,1,0,0,1,0,0,5,5,7,6,326
,131A041,7,7,66,2,5,0,1,3,0,0,9,43,4,0,0,0,2,52,73,37,0,0,1,1,0,0,6,8,2,12,341
,131A042,1,12,80,5,4,0,0,7,0,0,4,29,2,0,0,0,3,70,79,41,1,0,1,2,1,0,6,5,4,13,370
,131A043,10,18,64,2,1,0,1,3,0,0,6,49,4,0,0,2,5,37,80,39,1,0,3,0,0,0,4,2,7,4,342
,131A044,3,16,80,1,1,0,0,0,0,0,7,22,2,0,0,0,0,34,59,33,2,0,0,1,1,0,2,4,8,10,286
,131A045,9,10,68,7,1,0,1,3,0,0,6,10,0,0,0,0,2,38,68,31,0,0,2,1,3,0,5,11,5,5,286
,131A046,44,18,52,0,1,0,2,1,0,0,23,5,5,0,0,0,5,60,100,18,1,0,0,3,1,0,17,5,1,9,371
,131A047,33,11,65,0,2,0,0,1,0,0,5,2,1,0,0,0,1,33,125,41,0,0,0,3,1,0,10,14,1,2,351
,131A048,17,11,52,0,1,0,0,2,0,0,16,5,5,0,0,0,0,16,128,20,0,0,1,2,1,0,25,5,1,0,308
,131A049,15,26,26,0,0,1,0,0,0,0,15,3,0,0,0,2,0,53,113,28,0,0,0,2,2,0,2,5,4,4,301
,131A050,18,9,50,0,0,0,0,0,0,0,13,6,0,0,0,0,2,38,112,22,2,0,2,1,2,0,16,18,2,2,315
,131A051,49,12,25,1,0,1,0,1,0,0,24,11,0,0,0,4,2,37,85,19,1,1,0,1,0,0,5,14,0,3,296
,131A052,19,10,47,0,0,0,0,2,0,0,34,8,2,0,0,1,3,37,108,10,0,0,1,1,1,1,10,6,8,10,319
,131A053,16,20,57,4,6,0,0,5,0,0,8,16,8,0,0,0,1,62,71,36,0,0,2,2,4,0,5,10,3,9,345
,131A054,10,21,44,0,2,0,0,0,0,0,8,6,1,1,1,1,0,56,67,22,0,0,0,0,1,0,2,10,5,4,262
,131A055,11,12,34,1,1,0,0,1,0,0,5,9,1,0,0,0,1,59,59,16,0,0,4,0,2,0,8,4,3,11,242
,131A056,9,14,54,15,11,0,0,0,0,0,10,5,0,0,0,0,0,63,87,26,1,0,0,2,1,0,1,9,7,1,316
,131A057,9,14,54,9,10,0,0,2,0,0,35,11,0,0,0,0,0,59,63,8,0,1,0,2,2,0,3,8,9,2,301
,131A058,19,36,71,1,5,0,0,1,1,0,20,16,3,0,0,3,0,52,78,20,0,0,5,1,11,1,5,6,4,8,367
,131A059,11,18,56,2,4,0,0,0,0,0,24,6,2,0,0,1,0,57,54,63,0,0,0,2,1,0,6,9,6,10,332
,131A060,7,20,44,2,0,0,0,1,0,0,8,15,2,0,0,0,2,44,141,70,2,0,0,2,2,0,2,3,4,23,394
,131A061,14,24,44,1,1,0,0,0,0,0,5,5,1,1,0,3,0,88,84,33,0,0,1,1,1,0,5,4,3,2,321
,131A062,21,18,81,1,1,0,1,1,0,0,4,3,3,1,0,2,3,71,74,31,0,0,0,2,1,1,1,9,4,4,338
,131A063,17,19,61,2,7,0,0,0,0,0,4,11,5,0,0,2,0,71,94,29,0,1,1,3,0,0,6,8,0,9,350
,131A064,23,15,45,0,3,0,0,2,0,0,3,10,2,1,0,0,0,90,84,39,0,0,8,0,2,0,12,3,3,5,350
,131A065,36,10,54,1,0,0,0,1,0,0,2,1,1,0,0,0,0,93,116,15,0,0,3,1,1,0,16,3,0,4,358
,131A066,31,25,113,0,0,0,0,3,0,1,3,10,1,0,0,0,0,48,108,51,0,1,5,0,1,0,17,2,3,17,440
,131A067,36,16,55,0,0,0,0,2,1,0,2,6,5,0,0,0,0,73,112,35,0,0,4,2,1,1,6,3,6,8,374
,131A068,12,33,35,1,1,0,0,0,0,0,2,9,1,0,0,0,0,43,59,23,1,0,4,1,1,1,1,5,3,4,240
,131A069,19,20,32,2,3,0,1,0,0,0,4,7,1,0,0,0,0,59,99,32,0,0,0,0,0,0,3,2,0,4,288
,131A070,14,13,51,0,0,0,0,1,0,0,6,13,3,0,0,0,0,72,61,54,0,0,5,2,0,0,2,4,5,7,313
,131A071,25,13,78,0,0,0,0,1,0,0,8,6,0,0,0,0,0,68,112,39,0,0,1,0,1,0,5,2,2,3,364
,131A072,8,16,42,1,1,0,1,1,0,0,4,11,1,0,0,0,0,69,82,24,0,0,2,0,2,1,6,1,4,7,284
,131A073,32,25,56,0,0,0,0,0,0,0,4,3,3,0,0,0,0,58,96,49,0,0,0,3,2,0,11,1,5,10,358
,131A074,7,28,54,4,3,0,0,2,0,0,14,6,2,0,0,0,0,101,102,16,1,0,0,3,1,0,5,5,2,9,365
,131A075,6,15,83,4,7,1,0,1,1,0,10,35,0,0,0,1,0,61,128,39,0,0,1,2,1,0,6,9,5,10,426
,131A076,20,8,62,3,0,0,0,5,0,0,5,6,14,0,0,0,0,73,156,29,0,0,0,4,2,0,22,5,12,3,429
,131A077,13,10,58,5,21,0,0,0,0,0,4,13,1,0,0,1,1,48,68,23,0,1,6,1,2,0,13,5,2,3,299
,131A078,3,18,55,25,22,0,1,1,0,0,7,9,3,0,0,0,0,70,63,21,0,0,3,0,1,0,4,3,7,1,317
,131A079,7,12,37,10,24,0,0,1,0,0,0,12,7,0,0,0,0,29,55,29,2,0,2,1,2,1,7,4,3,8,253
,131A080,17,14,63,10,32,0,0,5,0,0,3,20,1,0,0,0,2,47,87,10,0,0,0,4,1,1,55,4,5,6,387
,131A081,13,13,63,6,3,0,0,4,0,0,8,22,3,0,0,0,4,61,63,34,0,1,1,1,1,0,2,8,5,5,321
,131A082,7,25,68,6,0,0,0,3,0,0,5,34,15,0,0,0,0,50,149,42,0,0,4,0,0,0,13,15,13,8,457
,131A083,6,52,53,11,5,0,0,3,0,0,6,18,3,0,0,0,1,62,72,18,0,0,5,2,3,0,18,10,19,4,371
,131A084,2,22,56,1,2,0,0,2,0,0,7,25,0,0,0,0,1,51,68,31,0,0,1,1,1,0,5,5,6,5,292
,131A085,14,9,34,0,2,0,0,0,0,0,11,21,0,0,0,2,0,41,60,7,0,0,0,0,0,0,0,1,1,3,206
,131A086,6,14,50,0,1,0,0,5,0,1,4,7,0,0,0,0,2,50,109,15,0,0,0,1,4,0,2,2,2,6,281
,131A087,3,18,34,1,2,0,0,6,0,0,11,13,1,0,0,1,0,50,100,29,0,0,1,1,7,0,9,1,10,7,305
,131A088,12,14,51,2,7,0,0,2,0,0,8,23,5,0,0,0,1,60,52,36,0,0,1,2,3,0,11,2,5,5,302
,131A089,6,20,49,9,11,2,0,11,0,0,7,12,3,0,1,0,2,52,46,8,1,0,0,1,2,0,7,6,2,0,258
,131A090,9,27,63,3,4,0,0,3,0,0,8,15,4,0,0,1,0,68,102,18,0,0,3,0,4,0,3,2,11,2,350
,131A091,11,11,37,1,0,0,1,0,0,0,2,19,1,0,0,0,1,53,72,18,1,0,2,1,0,0,4,3,4,8,250
,133A000,0,0,0,0,0,0,0,0,0,0,0,0,0,0,0,0,0,0,0,0,0,0,0,0,0,0,0,0,0,0,0
,133A001,3,11,84,0,8,1,0,9,0,0,0,66,2,0,0,0,6,42,42,36,0,0,2,0,3,0,1,14,12,4,346
,133A002,5,13,63,0,10,0,0,3,0,1,10,60,2,0,0,0,7,58,50,35,3,0,1,0,1,0,5,13,5,3,348
,133A003,8,14,62,1,5,0,0,5,0,0,0,41,0,0,0,0,3,51,92,62,0,0,4,0,0,0,6,5,8,9,376
,133A004,3,5,64,1,2,0,0,8,0,1,0,51,4,0,0,0,2,49,42,27,2,0,4,1,1,0,2,6,8,10,293
,133A005,13,12,67,1,1,1,1,1,0,0,15,22,2,0,0,2,2,67,52,37,2,0,2,2,1,1,6,6,10,6,332
,133A006,48,23,38,1,0,0,0,5,0,0,8,18,6,1,0,0,0,74,104,28,0,0,4,4,3,1,14,6,7,5,398
,133A007,28,10,52,0,0,0,0,2,0,0,9,14,1,0,0,0,0,47,135,36,0,0,10,1,1,0,18,6,3,5,378
,133A008,12,8,73,0,0,0,0,2,1,0,0,17,1,0,0,0,1,65,67,28,1,0,0,4,1,0,6,11,5,10,313
,133A009,10,17,61,0,0,0,0,1,0,0,3,4,6,0,0,2,0,43,100,21,0,0,2,0,1,1,16,6,3,3,300
,133A010,17,13,63,1,3,0,0,2,0,0,5,42,5,2,0,3,1,66,44,25,0,0,2,1,2,2,1,5,13,21,339
,133A011,13,18,67,5,4,0,2,7,0,0,6,35,4,0,0,1,5,60,65,23,1,0,3,0,0,1,8,5,11,7,351
,133A012,11,7,93,1,0,0,1,2,0,0,0,34,3,0,0,1,5,55,54,35,0,0,1,3,1,1,9,6,1,1,325
,133A013,12,9,87,3,1,0,0,4,0,0,0,36,8,0,0,0,0,51,51,33,1,2,2,1,4,2,12,7,14,8,348
,133A014,6,21,87,2,2,0,1,4,0,0,0,37,8,1,0,0,0,42,47,22,0,0,6,3,1,0,10,10,4,7,321
,133A015,9,8,68,11,0,0,0,2,0,0,2,50,2,0,0,1,1,54,53,50,0,0,2,2,3,0,10,6,4,5,343
,133A016,10,5,74,4,1,0,0,5,0,0,2,54,0,0,0,0,4,43,49,39,1,0,4,1,1,1,6,7,11,11,333
,133A017,9,12,75,2,1,0,0,4,1,0,0,93,8,0,0,1,5,64,52,30,0,1,4,0,6,0,17,9,12,6,412
,133A018,3,13,80,3,9,0,0,3,0,0,2,37,0,0,0,1,0,57,52,18,4,0,2,1,0,0,15,8,6,8,322
,133A019,11,19,71,6,5,0,0,4,0,0,2,15,7,0,0,3,1,68,80,32,1,0,6,1,0,0,9,11,17,0,369
,133A020,14,10,76,1,2,0,0,8,0,0,1,23,2,0,0,0,2,80,66,23,0,0,1,2,1,0,6,9,11,5,343
,133A021,23,13,68,7,2,1,0,4,1,0,1,16,0,0,0,0,2,61,112,25,0,0,0,3,1,1,11,3,9,1,365
,133A022,12,18,68,2,3,0,0,2,1,0,2,16,3,0,0,4,1,77,42,28,0,0,4,0,1,0,11,7,7,10,319
,133A023,16,20,53,3,3,0,0,1,0,0,0,16,5,0,0,3,0,61,61,39,1,0,0,0,0,0,5,14,8,10,319
,133A024,28,17,56,0,0,1,0,4,0,0,6,5,11,0,0,0,0,89,146,59,0,0,1,1,2,2,3,6,13,5,455
,133A025,16,24,50,0,1,0,0,2,0,0,4,9,1,1,0,0,0,107,87,24,0,0,5,1,1,0,3,13,27,2,378
,133A026,20,16,53,4,3,0,0,2,0,0,10,7,4,0,0,0,0,73,92,36,1,1,14,0,2,0,14,15,10,4,381
,133A027,15,31,78,1,5,0,1,1,0,0,17,2,4,0,0,1,2,104,140,25,0,0,4,0,3,0,4,7,4,6,455
,133A028,18,22,59,0,0,1,0,0,0,0,7,5,0,0,0,0,0,90,101,29,0,0,0,1,2,1,8,5,8,4,361
,133A029,22,21,53,0,1,0,1,2,0,0,5,16,9,0,0,0,0,77,137,22,0,1,3,0,0,0,8,9,2,4,393
,133A030,22,21,62,0,0,0,0,4,0,0,0,4,4,0,0,0,0,60,188,24,0,0,4,0,0,0,4,8,1,9,415
,133A031,6,16,67,1,4,0,0,8,0,1,3,41,8,0,0,0,0,81,58,42,0,0,3,1,3,0,15,12,8,2,380
,133A032,18,15,57,8,1,0,1,2,0,0,3,26,0,0,0,1,5,64,58,26,1,3,0,1,1,0,14,18,10,8,341
,133A033,8,9,73,3,2,0,0,6,0,0,1,34,5,0,0,1,1,63,58,23,0,1,6,2,0,0,7,13,9,7,332
,133A034,15,12,86,8,5,1,0,5,0,0,5,34,5,0,0,0,2,80,66,25,2,1,0,0,2,0,4,16,12,5,391
,133A035,20,11,64,6,6,0,0,6,0,0,4,40,5,0,0,1,1,92,38,39,1,0,5,6,0,0,3,4,12,9,373
,133A036,14,9,76,4,6,0,0,9,0,0,7,30,2,0,0,7,3,68,56,26,1,0,3,0,2,0,4,7,13,4,351
,133A037,13,19,60,0,7,0,0,6,0,0,7,27,2,0,0,1,2,62,51,31,1,0,2,1,1,0,8,9,9,3,322
,133A038,10,16,59,4,4,0,0,1,0,0,4,34,6,0,0,1,5,75,82,33,0,0,4,0,3,0,3,11,4,7,366
,133A039,4,13,66,3,6,1,0,2,0,0,4,28,0,0,0,2,4,66,86,42,0,0,1,1,4,1,1,8,12,9,364
,133A040,15,18,68,2,4,0,1,2,1,0,11,13,2,0,0,0,3,76,72,14,0,2,3,1,1,0,4,19,8,12,352
,133A041,6,18,62,0,1,1,0,4,0,0,1,32,3,2,0,0,4,87,80,20,1,0,3,0,0,0,4,9,3,6,347
,133A042,12,17,66,1,7,0,0,3,0,0,9,49,4,0,0,2,3,53,77,38,0,0,0,2,3,1,11,8,8,5,379
,133A043,2,11,65,1,2,0,0,2,0,0,4,38,2,0,0,1,0,64,79,22,0,1,1,0,0,0,8,8,2,6,319
,133A044,12,37,99,8,3,0,1,3,0,0,8,42,11,0,0,5,0,71,77,47,2,0,9,0,0,1,9,5,6,8,464
,133A045,16,21,98,7,1,0,0,5,0,1,6,43,8,0,0,0,4,75,69,36,2,0,3,1,2,0,6,13,4,5,426
,133A046,18,8,68,2,5,0,0,7,0,0,8,35,2,0,1,1,2,80,68,37,0,0,4,4,1,0,6,13,8,6,384
,133A047,9,11,75,1,2,0,0,7,0,0,13,30,6,0,0,0,5,110,97,28,3,0,1,2,3,0,3,11,15,6,438
,133A048,21,19,44,1,2,0,0,1,0,0,0,33,2,0,0,0,1,74,72,23,1,0,7,2,2,1,10,7,10,3,336
,133A049,5,18,56,7,3,0,0,2,0,0,1,39,3,0,0,0,5,72,67,35,0,1,5,0,0,0,8,9,4,6,346
,133A050,23,12,73,6,10,0,1,9,0,0,4,33,6,0,0,0,2,70,76,22,1,0,2,4,5,0,6,12,7,3,387
,133A051,17,13,74,2,7,0,0,1,0,0,4,24,3,0,0,0,2,73,93,44,0,0,8,4,3,0,5,6,13,9,405
,133A052,14,17,69,2,6,0,1,3,0,1,3,39,1,0,0,1,2,49,56,32,0,0,1,1,0,1,3,11,9,2,324
,133A053,10,8,65,2,3,0,0,4,0,0,4,24,10,0,0,1,3,80,65,32,0,0,1,1,3,0,10,5,6,1,338
,133A054,8,17,91,4,11,1,2,1,0,0,1,30,3,0,0,2,1,93,56,37,3,1,0,2,1,0,4,12,23,9,413
,133A055,15,15,69,0,5,0,0,5,0,0,4,36,3,0,0,5,0,80,68,30,0,0,6,0,2,0,4,5,12,7,371
,133A056,3,19,67,1,2,0,1,1,0,0,4,26,7,0,0,1,0,51,82,47,0,0,0,0,2,0,6,10,10,3,343
,133A057,4,17,50,5,2,0,0,2,0,0,2,35,2,0,0,1,2,58,76,24,0,1,0,3,0,0,5,9,7,1,306
,133A058,5,20,68,2,4,1,0,8,0,0,1,43,1,0,0,7,4,83,77,25,0,0,0,1,1,0,3,17,5,7,383
,133A059,5,14,65,1,4,0,1,0,0,0,3,50,5,0,0,1,4,60,50,48,0,1,5,1,1,0,5,6,7,8,345
,133A060,14,13,59,8,0,0,0,2,0,0,3,58,5,0,0,1,0,79,101,43,0,0,0,0,4,0,3,20,20,8,441
,133A061,5,21,74,1,3,0,0,6,1,0,3,45,1,0,0,0,1,70,62,35,0,0,1,1,2,0,1,8,10,12,363
,133A062,38,14,86,1,1,1,0,5,0,0,5,48,0,0,0,3,0,59,73,52,0,0,2,2,2,0,5,5,8,6,416
,133A063,19,19,97,4,0,0,0,2,1,1,1,57,8,0,0,1,0,64,119,43,1,0,5,0,0,1,8,13,5,13,482
,133A064,14,12,93,3,2,0,0,4,0,0,2,51,8,0,0,0,2,74,79,43,0,0,0,1,3,0,4,7,10,7,419
,133A065,22,28,78,1,2,0,0,2,1,0,9,44,11,0,0,0,1,75,88,49,0,0,2,0,2,0,11,18,17,9,470
,133A066,24,36,97,2,1,0,0,3,1,0,5,56,3,0,0,0,3,90,124,46,0,0,0,2,0,0,6,13,16,4,532
,133A067,6,23,54,2,0,0,0,1,0,0,1,57,4,0,0,1,2,65,59,54,1,0,7,0,1,0,12,10,7,11,378
,133A068,10,16,74,1,6,1,0,0,0,0,1,58,2,0,0,0,6,71,71,53,1,0,1,1,5,0,6,8,7,6,405
,133A069,10,28,64,0,7,0,0,6,0,0,4,40,0,0,0,0,4,50,55,25,2,0,0,0,0,0,9,7,10,9,330
,133A070,15,17,66,2,4,0,0,4,0,0,3,63,5,0,0,0,3,63,54,43,3,1,0,1,3,0,3,4,8,7,372
,133A071,5,23,53,2,3,0,2,6,0,1,5,48,0,0,0,1,2,47,67,45,2,1,4,1,3,0,11,1,8,8,349
,133A072,8,16,75,1,2,0,0,2,0,0,1,49,4,0,0,4,3,79,72,49,0,0,1,0,1,0,8,10,6,5,396
,133A073,14,16,64,2,2,0,1,3,0,0,2,29,2,0,0,1,1,58,92,54,1,0,2,2,1,0,4,5,5,7,368
,133A074,13,18,55,1,3,1,0,0,0,0,3,38,4,0,0,1,1,49,52,32,0,0,0,0,0,2,10,10,3,8,304
,133A075,12,19,75,1,2,0,0,8,0,0,4,42,3,1,0,2,3,54,115,46,5,0,2,1,2,0,11,14,5,10,437
,133A076,19,13,43,1,5,0,0,4,0,0,1,42,0,0,0,0,4,66,46,42,1,1,2,2,3,0,6,10,6,10,327
,133A077,6,23,88,4,7,0,0,7,0,0,1,36,5,0,1,1,1,69,62,43,0,0,0,0,5,1,3,9,11,7,390
,133A078,8,19,83,2,3,1,0,7,0,0,6,33,8,0,0,1,2,74,95,29,0,0,1,0,1,3,5,8,11,4,404
,133A079,13,17,78,5,7,0,0,10,0,0,5,60,1,1,0,0,1,77,84,37,1,0,3,1,1,0,2,22,9,9,444
,133A080,8,22,50,5,5,1,0,8,0,0,3,38,1,0,0,0,4,62,59,32,3,0,1,0,1,0,4,11,6,4,328
,133A081,7,37,58,2,1,0,2,8,0,0,10,49,8,0,1,0,3,66,49,45,0,0,2,1,0,0,3,12,14,4,382
,133A082,4,32,59,5,5,0,0,6,0,0,8,44,6,0,0,0,10,64,51,34,5,0,0,2,0,0,9,6,5,8,363
,133A083,14,32,91,2,3,0,2,6,0,0,2,47,3,0,0,2,6,71,56,37,5,1,0,4,1,0,13,23,9,7,437
,133A084,16,24,73,1,0,0,0,2,0,0,0,28,1,0,0,0,0,84,60,42,0,0,2,1,0,0,3,6,11,10,364
,133A085,13,26,102,2,0,0,1,6,0,0,5,58,8,0,0,0,2,66,74,41,0,0,6,0,2,0,8,5,13,10,448
,133A086,14,23,72,2,5,0,0,4,0,1,17,69,1,0,0,0,3,80,57,44,0,0,0,1,0,1,10,7,8,12,431
,133A087,12,21,90,2,6,0,0,3,0,0,2,59,5,0,0,0,5,96,79,42,1,0,0,1,1,0,7,1,7,9,449
,133A088,12,17,90,2,5,0,0,17,0,0,5,42,9,0,0,1,0,62,68,21,0,0,3,0,2,0,9,17,5,3,390
,133A089,13,17,97,4,7,0,0,15,0,0,7,49,3,0,0,0,3,56,82,72,0,0,2,3,6,0,13,7,8,15,479
,133A090,18,15,83,5,9,0,0,3,0,1,7,49,2,0,0,0,2,77,59,53,0,0,3,0,2,0,13,12,8,10,431
,133A091,4,20,80,1,3,0,1,7,1,0,1,40,3,0,0,1,1,88,83,38,1,0,0,0,1,0,3,3,7,7,394
,133A092,9,30,59,1,3,2,1,2,0,0,0,37,6,0,0,0,1,50,86,31,1,0,7,1,0,1,6,7,4,13,358
,133A093,11,13,65,3,2,0,0,3,0,0,5,35,0,0,1,0,3,49,98,49,0,0,4,1,0,0,3,8,4,15,372
,133A094,22,27,88,3,1,0,0,4,0,0,6,15,1,1,0,0,1,62,125,45,0,0,2,4,2,1,14,8,6,2,440
,133A095,13,19,59,1,1,0,0,2,0,0,2,36,4,0,0,0,2,60,97,31,0,0,0,2,2,1,4,13,13,2,364
,133A096,10,13,55,1,0,1,0,0,0,1,0,22,0,0,0,0,2,53,57,18,0,0,0,0,7,1,7,11,9,1,269
,133A097,13,26,42,0,0,0,0,4,0,1,11,21,3,0,1,1,0,90,128,21,0,0,0,3,1,0,9,7,6,4,392
,133A098,17,22,48,1,2,0,0,5,0,0,4,26,11,0,0,0,2,76,133,37,1,1,0,3,0,0,11,9,6,13,428
,133A099,23,28,51,1,0,0,0,0,0,0,2,1,11,0,0,0,0,77,150,31,0,0,2,1,2,1,7,11,11,8,418
,133A100,47,19,42,0,1,0,0,0,0,0,10,13,13,0,0,2,0,65,108,16,0,0,7,5,2,1,8,8,9,0,376
,133A101,22,23,40,0,1,0,0,0,0,0,2,14,5,0,0,1,0,132,192,26,0,0,1,0,1,0,13,8,11,6,498
,133A102,43,20,61,1,3,0,0,1,1,0,8,7,4,0,0,1,0,84,122,22,0,0,0,0,2,0,16,17,5,4,422
,133A103,30,12,57,0,0,0,0,3,0,0,0,4,4,1,0,1,0,66,145,31,0,1,0,1,1,0,22,13,26,3,421
,133A104,13,14,61,0,0,0,0,2,0,2,1,6,7,0,0,0,3,77,127,9,0,0,5,0,6,0,6,13,12,0,364
,133A105,53,18,45,0,0,0,0,0,0,0,1,5,14,0,0,4,0,103,180,39,0,0,2,2,1,1,16,14,13,7,518
,133A106,15,24,89,3,1,0,0,3,0,0,2,20,9,0,1,0,0,64,109,35,1,0,1,0,1,0,15,5,8,6,412
,133A107,39,21,53,2,0,1,0,1,0,0,5,8,16,0,1,0,0,62,146,32,0,1,3,4,2,0,22,9,10,1,439
,133A108,34,24,56,2,0,1,1,1,0,0,1,42,3,0,1,0,1,89,143,49,0,0,0,2,3,0,16,13,17,10,509
,133A109,37,18,47,1,0,0,0,0,0,1,4,7,4,0,0,2,0,83,111,24,1,0,0,0,2,0,22,5,9,4,382
,133A110,29,26,75,0,0,0,0,3,0,0,0,0,1,0,0,0,0,88,135,17,0,0,0,0,2,0,12,7,19,4,418
,133A111,31,24,29,0,0,0,0,1,0,0,8,4,3,0,0,0,1,45,120,22,0,0,3,0,1,0,10,8,15,10,335
,133A112,56,15,46,0,0,0,1,5,0,0,1,6,0,0,0,1,0,64,185,33,0,0,1,0,2,0,7,13,10,9,455
,133A113,31,12,50,0,0,0,0,0,0,0,3,10,3,0,0,0,0,47,73,6,0,0,1,1,1,0,18,28,19,2,305
,133A114,17,13,72,0,0,0,0,6,0,0,5,13,3,0,0,0,0,54,90,28,0,0,3,2,1,1,22,27,19,17,393
,133A115,75,14,63,0,0,0,0,2,0,0,11,10,14,0,0,1,0,50,137,14,0,0,1,1,3,0,13,7,25,8,449
,133A116,118,13,43,0,0,0,0,0,0,2,0,6,6,0,1,1,0,89,115,17,0,0,0,2,0,0,0,6,13,1,433
,133A117,70,26,50,0,1,0,0,5,0,0,5,3,5,0,0,0,0,86,157,37,0,0,2,50,2,0,15,3,22,3,542
,133A118,60,15,48,0,0,0,1,0,0,0,6,3,5,0,0,0,0,57,182,23,0,1,1,1,1,0,19,4,7,9,443
,133A119,91,15,74,0,0,0,0,1,0,0,6,5,3,0,0,0,0,48,124,16,0,0,0,1,2,1,6,6,9,9,417
,133A120,52,35,62,0,0,0,0,5,0,1,2,0,6,0,0,0,0,49,154,20,0,0,0,2,2,0,16,5,15,3,429
,133A121,59,15,35,2,3,0,2,0,0,0,13,3,0,0,0,0,1,58,147,20,0,0,0,0,2,0,16,11,9,13,409
,133A122,44,6,30,0,1,0,0,5,0,0,1,6,5,0,0,0,0,28,118,12,1,0,0,0,1,0,17,4,34,13,326
,133A123,41,32,62,2,0,0,0,1,0,0,2,5,2,0,0,0,0,46,179,19,0,0,2,0,2,0,11,4,18,3,431
,133A124,60,17,57,1,0,1,0,1,0,0,2,13,15,0,0,0,0,67,106,17,0,0,3,1,1,1,9,9,10,4,395
,133A125,80,26,67,2,0,0,0,1,1,0,8,15,11,0,0,2,0,92,111,10,0,0,5,3,1,0,19,10,14,7,485
,133A126,29,23,79,0,0,1,2,4,0,0,6,7,4,1,0,0,0,61,132,32,0,0,4,1,1,1,8,9,14,9,428
,133A127,36,32,66,1,1,0,0,1,0,0,2,1,0,0,0,1,0,49,140,21,0,1,2,2,5,2,15,8,15,4,405
,133A128,53,23,74,1,4,0,0,5,0,0,8,2,6,1,0,0,0,28,191,56,6,0,3,2,0,0,15,4,41,3,526
,133A129,40,11,61,5,1,0,1,2,0,0,5,6,10,0,0,1,0,34,234,33,0,0,1,1,0,0,5,2,7,2,462
,133A130,68,29,67,1,1,0,0,4,0,0,2,6,6,0,0,0,1,49,119,29,1,0,4,2,1,0,11,7,13,4,425
,133A131,41,38,79,0,2,0,0,3,0,0,12,8,5,0,0,0,0,83,212,21,0,0,5,2,2,0,19,3,10,8,553
,133A132,61,16,59,1,0,0,0,6,0,0,5,9,13,0,0,0,0,54,229,13,0,0,0,1,3,1,12,11,10,2,506
,133A133,26,33,79,0,0,0,1,0,2,0,6,4,4,0,0,1,0,57,161,14,0,0,5,2,0,0,11,8,51,4,469
,133A134,72,29,63,1,0,0,0,3,0,1,7,6,3,0,0,0,0,63,159,42,0,0,2,1,2,0,11,6,15,10,496
,133A135,31,18,63,0,2,0,1,1,0,0,2,12,3,1,0,0,1,46,142,39,0,0,1,1,4,0,7,10,12,5,402
,133A136,47,24,47,0,1,0,0,9,0,0,1,6,2,0,0,0,0,45,81,20,0,0,0,0,3,0,10,4,12,6,318
,133A137,25,67,57,0,0,0,1,0,0,0,0,2,5,0,0,0,0,52,154,22,0,0,2,4,1,0,7,3,25,4,431
,133A138,39,20,44,0,0,0,0,5,0,0,4,4,0,0,1,0,0,53,163,10,0,0,0,1,1,0,6,2,16,2,371
,133A139,19,15,46,0,0,0,1,3,0,0,6,4,3,0,0,0,1,81,101,20,0,2,0,0,2,1,18,6,4,3,336
,133A140,16,9,29,0,0,0,0,3,0,0,0,4,4,0,0,0,1,43,70,14,0,0,3,0,2,1,10,1,3,3,216
,133A141,22,15,65,3,1,0,1,21,0,0,14,2,21,0,0,0,0,83,116,11,0,0,2,0,1,0,11,3,3,2,397
,133A142,18,7,68,0,2,0,0,11,0,0,7,10,18,0,0,0,2,65,139,13,0,0,3,1,3,0,2,6,0,0,375
,133A143,17,27,79,0,1,0,0,20,0,0,4,3,17,0,0,1,0,42,187,19,0,0,0,0,1,0,8,6,4,6,442
,133A144,21,17,47,0,0,0,0,8,1,0,0,5,2,0,1,0,0,83,201,14,0,0,3,2,0,0,7,2,1,5,420
,133A145,21,15,53,1,0,0,0,1,1,0,7,12,13,0,0,0,0,54,153,33,0,0,1,2,0,0,5,1,6,7,386
,135A000,0,0,0,0,0,0,0,0,0,0,0,0,0,0,0,0,0,0,0,0,0,0,0,0,0,0,0,0,0,0,0
,135A001,8,25,44,0,0,0,0,3,0,0,1,24,12,0,0,0,0,56,149,18,0,0,0,1,0,0,8,1,36,3,389
,135A002,17,26,55,0,0,0,1,2,0,0,2,7,5,0,0,0,0,64,141,19,0,0,1,1,0,0,4,6,17,8,376
,135A003,15,23,91,1,1,0,3,0,0,0,3,15,11,0,0,0,0,49,157,27,0,0,3,3,1,1,8,3,10,5,430
,135A004,25,28,83,0,0,0,1,2,0,0,6,11,6,0,0,0,0,92,122,25,0,0,0,1,5,0,14,9,6,30,466
,135A005,13,36,79,1,1,0,0,1,0,0,0,22,10,1,0,0,1,91,101,28,0,1,0,2,0,0,3,7,30,11,439
,135A006,14,39,72,3,0,0,1,2,0,0,3,5,1,0,0,0,1,92,122,19,0,0,0,2,4,0,12,1,14,12,419
,135A007,33,30,92,0,0,0,0,1,0,0,2,6,12,0,0,2,0,66,132,45,0,0,5,1,2,1,8,6,76,16,536
,135A008,7,30,72,0,0,0,0,0,0,0,2,12,5,0,0,0,0,60,193,19,0,0,1,4,1,1,3,5,12,19,446
,135A009,46,22,93,2,0,0,0,0,0,0,2,20,7,0,1,2,0,58,191,33,0,0,0,4,1,0,6,13,13,6,520
,135A010,26,43,91,0,0,0,1,1,0,0,4,13,4,0,0,0,0,93,179,32,0,0,2,3,7,1,7,9,12,6,534
,135A011,14,15,34,0,2,0,0,0,0,0,9,4,15,0,0,0,10,48,94,54,2,0,0,1,0,0,2,2,7,3,316
,135A012,17,44,71,0,1,0,0,2,0,0,3,4,2,0,0,1,1,44,119,51,0,0,2,0,0,1,6,1,11,1,382
,135A013,2,9,24,0,0,0,1,0,0,0,1,1,0,0,0,0,1,21,112,7,0,0,0,0,0,0,0,1,1,0,181
,135A014,4,29,58,0,1,0,0,2,0,0,4,19,2,0,0,0,0,74,144,56,0,0,0,0,0,0,4,13,12,11,433
,135A015,10,27,64,1,0,0,0,1,0,0,10,13,6,0,0,0,1,41,97,22,0,0,4,1,1,0,11,1,13,5,329
,135A016,10,29,70,2,0,0,0,2,0,0,3,19,6,0,0,0,4,63,102,31,0,0,0,0,1,0,6,1,7,9,365
,135A017,19,26,69,3,0,0,1,1,0,0,5,26,3,0,0,0,1,61,99,23,0,0,2,0,1,0,12,8,13,7,380
,135A018,4,14,90,0,1,0,0,0,0,0,3,15,8,0,0,1,1,79,107,43,1,0,1,2,0,0,2,7,21,10,410
,135A019,11,28,66,0,0,0,1,1,0,0,6,8,13,0,0,1,5,64,123,27,1,0,1,1,0,0,6,2,21,20,406
,135A020,8,35,55,0,0,0,0,0,0,0,3,11,4,0,0,0,0,74,128,47,0,0,3,1,1,0,7,8,14,8,407
,135A021,5,16,64,0,0,0,0,1,0,0,6,11,8,0,0,0,0,68,160,32,0,0,0,1,0,0,5,7,6,9,399
,135A022,4,20,39,1,2,0,0,3,0,0,3,12,7,0,0,1,3,57,73,25,0,0,2,1,1,0,4,6,22,4,290
,135A023,6,13,41,1,0,0,0,0,0,0,2,10,4,0,0,0,4,37,106,24,1,1,0,0,0,0,4,9,9,17,289
,135A024,5,12,69,0,0,1,0,6,0,0,0,19,8,0,0,2,0,60,96,24,0,0,1,0,1,0,4,1,11,15,335
,135A025,6,19,58,1,2,0,0,4,0,0,2,15,7,0,0,2,1,54,69,21,0,0,1,1,0,0,10,2,11,10,296
,135A026,8,22,31,3,3,0,0,2,0,0,5,14,7,0,0,0,5,52,105,24,0,0,4,4,0,0,4,3,16,10,322
,135A027,11,11,85,0,2,0,0,1,0,0,5,16,8,0,1,1,4,97,88,19,0,0,0,0,4,0,9,5,7,9,383
,135A028,23,47,45,0,0,0,0,1,0,0,2,2,6,0,0,1,1,72,107,35,0,1,3,3,2,0,3,13,11,10,388
,135A029,15,19,51,0,0,0,1,1,0,0,5,13,5,0,0,0,2,50,97,24,2,0,3,1,2,0,1,4,17,8,321
,135A030,13,33,56,0,1,0,0,2,0,0,7,4,1,0,0,0,0,45,71,28,0,0,1,2,0,0,2,10,4,3,283
,135A031,3,20,81,0,0,1,0,0,0,0,6,2,4,0,0,0,0,48,111,31,1,0,1,0,3,0,4,4,4,6,330
,135A032,4,21,63,0,1,0,0,2,0,0,16,6,5,0,0,0,0,51,113,19,0,0,1,1,3,0,2,5,4,5,322
,135A033,1,21,76,2,0,0,0,1,0,0,8,10,2,0,0,1,0,65,116,26,0,0,0,2,2,0,4,6,4,3,350
,135A034,6,28,81,1,0,1,0,0,0,0,4,2,0,0,0,0,2,53,113,10,0,0,1,1,2,0,1,6,9,6,327
,135A035,1,22,65,2,0,0,0,0,0,0,3,3,4,0,0,0,0,62,81,32,0,0,0,2,0,0,1,4,19,2,303
,135A036,2,19,62,0,0,1,0,1,0,0,2,0,0,0,0,0,1,20,76,2,0,0,0,0,3,0,0,3,7,13,212
,136A000,0,0,0,0,0,0,0,0,0,0,0,0,0,0,0,0,0,0,0,0,0,0,0,0,0,0,0,0,0,0,0
,136A001,5,9,76,2,0,0,0,6,0,1,4,34,3,0,0,0,3,75,78,54,0,1,0,1,2,0,5,4,16,5,384
,136A002,7,21,85,0,0,0,1,3,1,0,9,44,2,0,0,0,0,107,121,46,0,0,1,0,5,0,2,4,16,6,481
,136A003,5,10,57,2,4,1,0,3,0,0,2,45,1,0,0,1,0,95,100,58,0,0,9,1,2,1,9,6,9,6,427
,136A004,8,26,61,1,2,0,0,4,0,0,23,46,0,0,0,0,0,81,85,34,0,0,3,2,0,0,5,13,15,8,417
,136A005,9,13,31,1,0,0,0,0,0,0,1,12,9,0,0,1,0,32,80,19,3,0,0,0,1,0,6,0,5,5,228
,136A006,12,32,55,1,0,0,1,0,0,1,2,14,15,0,0,1,2,49,137,37,0,0,4,0,5,0,15,11,1,2,397
,136A007,19,51,49,0,0,0,0,1,0,0,0,12,20,0,1,0,1,61,100,42,0,0,0,2,1,0,5,9,2,11,387
,136A008,13,37,55,1,0,0,0,1,0,0,1,7,12,0,0,0,0,64,168,47,0,0,0,1,0,0,6,8,3,9,433
,136A009,3,36,64,1,0,0,0,3,1,0,1,40,13,0,0,1,0,73,138,68,0,1,1,0,1,0,16,9,9,17,496
,136A010,1,5,68,4,4,1,0,10,0,0,1,100,5,0,0,0,4,52,50,48,0,0,1,2,0,0,0,9,11,4,380
,136A011,8,11,61,3,3,0,0,4,0,0,0,120,1,0,0,0,3,70,70,84,1,1,0,0,6,0,7,9,10,9,481
,136A012,4,10,78,1,2,0,0,11,0,0,5,85,0,0,0,0,0,47,100,48,0,0,0,0,0,0,12,3,11,5,422
,136A013,8,15,78,0,3,0,0,3,0,0,6,31,3,11,0,0,4,54,74,44,0,0,0,0,1,0,6,0,6,7,354
,136A014,13,15,69,1,2,1,0,4,0,0,0,65,12,0,0,1,2,58,111,60,0,1,2,2,1,0,5,6,6,10,447
,136A015,8,9,90,2,2,0,0,1,3,0,2,67,8,0,0,0,4,71,89,58,0,0,4,0,2,0,2,9,8,7,446
,136A016,8,6,34,4,0,0,0,3,0,0,1,40,18,0,0,2,3,48,35,46,0,0,0,3,2,1,2,13,6,5,280
,136A017,5,11,58,6,2,0,0,16,0,0,4,84,1,0,0,0,1,48,63,58,0,0,0,1,1,1,10,1,7,12,390
,136A018,1,8,65,4,1,0,0,4,0,0,3,94,2,0,0,0,1,62,54,68,0,0,1,1,0,1,3,5,13,10,401
,136A019,4,19,73,3,5,0,0,5,0,0,1,103,1,0,0,0,0,31,83,42,0,0,1,0,1,0,10,8,5,4,399
,136A020,4,13,72,4,3,0,0,5,0,0,1,82,2,0,0,0,2,63,83,47,0,0,0,1,0,1,13,7,10,7,420
,136A021,2,6,51,3,2,0,0,3,0,0,4,33,3,0,0,0,3,52,43,43,0,0,3,0,0,2,5,11,8,4,281
,136A022,1,15,39,2,0,0,0,5,0,0,0,45,1,0,0,0,0,48,46,33,0,0,1,0,1,0,4,4,6,4,255
,136A023,3,9,45,0,0,0,0,4,6,0,0,6,7,0,0,0,0,32,34,13,0,0,1,0,0,0,10,1,3,1,175
,136A024,0,8,62,6,3,1,0,6,0,0,2,87,1,0,1,1,2,38,46,34,0,0,7,1,1,1,5,5,11,13,342
,136A025,3,5,28,7,3,0,0,4,0,0,2,59,2,0,0,1,2,35,30,34,0,0,2,1,1,0,4,7,4,5,239
,136A026,1,9,57,4,4,0,0,12,0,0,2,81,1,0,0,1,0,21,53,49,2,1,1,1,1,0,3,5,4,7,320
,136A027,5,13,64,7,4,0,0,9,0,2,4,98,1,0,0,0,4,59,86,55,2,0,3,3,0,1,7,8,11,9,455
,136A028,5,10,49,4,1,1,1,1,0,0,4,83,4,0,1,3,2,49,39,63,1,1,1,1,0,0,9,9,9,9,360
,136A029,35,43,75,0,0,0,0,2,0,0,0,10,9,0,0,0,1,99,151,86,0,0,2,1,10,0,21,5,6,1,557
,136A030,17,12,78,0,0,0,1,1,0,0,0,9,8,0,0,0,0,74,134,106,0,0,4,3,14,2,6,7,2,12,490
,136A031,6,19,22,0,0,0,0,3,0,0,2,6,11,0,0,1,0,36,83,49,0,0,1,0,4,1,5,3,2,2,256
,136A032,7,8,54,0,2,0,0,5,0,0,9,14,16,0,0,0,0,78,84,40,0,0,3,2,0,0,8,0,12,1,343
,136A033,6,18,63,0,1,0,1,0,0,0,10,45,2,0,1,0,0,72,148,56,0,0,12,2,2,0,8,9,5,5,466
,136A034,17,12,68,0,0,0,0,2,0,0,6,32,3,0,0,0,0,52,94,57,0,0,2,1,5,0,9,5,7,6,378
,136A035,0,0,0,0,1,0,0,1,0,0,0,1,0,0,0,0,1,6,0,8,0,1,0,0,0,0,0,0,0,0,19
,136A036,5,20,86,1,3,0,0,6,0,0,4,48,2,1,0,0,1,74,50,52,1,0,8,1,1,1,9,7,6,13,400
,136A037,4,13,91,3,3,0,1,6,1,0,2,78,2,0,0,3,5,54,55,39,1,0,4,0,2,1,9,11,12,16,416
,136A038,5,18,75,2,2,0,0,5,0,0,1,71,7,0,0,0,1,51,73,52,0,0,1,2,5,2,8,8,20,10,419
,136A039,1,11,58,2,0,0,0,2,0,0,2,79,1,0,0,1,0,63,70,53,1,1,3,2,2,0,7,13,7,6,385
,136A040,1,15,62,4,2,0,1,7,0,0,0,69,4,0,0,0,2,85,42,59,0,0,0,0,1,0,5,3,5,6,373
,136A041,11,13,61,4,1,0,0,6,0,0,1,41,3,0,0,3,1,61,47,45,0,0,0,1,0,0,11,6,8,10,334
,136A042,7,7,58,4,5,0,0,3,0,0,3,32,6,0,0,0,4,64,58,37,0,0,1,1,1,0,7,6,6,8,318
,136A043,4,13,76,0,7,0,1,2,2,0,3,46,1,0,0,0,1,78,70,41,0,0,3,2,1,0,11,10,11,11,394
,136A044,10,10,52,3,2,0,1,5,0,0,1,33,3,0,0,1,2,46,30,47,0,0,2,1,1,0,3,4,5,8,270
,136A045,9,9,48,7,10,0,0,6,0,0,1,64,2,0,0,0,0,46,57,32,2,0,1,0,2,0,16,8,10,13,343
,136A046,4,4,46,4,1,0,0,5,0,0,1,58,2,0,0,0,4,46,46,43,4,0,6,1,0,0,8,1,8,4,296
,136A047,1,10,68,3,4,0,0,7,0,0,1,46,0,0,0,2,3,39,37,28,1,0,0,0,0,0,14,5,12,9,290
,136A048,2,8,64,4,11,0,0,4,0,0,2,58,5,0,0,0,2,49,38,44,0,1,0,2,1,0,11,8,8,4,326
,136A049,5,13,37,4,5,1,0,10,0,0,0,48,0,0,0,1,5,39,45,37,1,0,0,0,1,1,4,6,4,6,273
,136A050,5,12,70,5,4,0,0,1,0,0,3,90,2,0,0,0,5,51,41,38,0,0,0,0,1,0,13,6,12,4,363
,136A051,2,6,79,7,2,0,0,9,0,0,2,58,6,0,0,2,3,41,75,36,0,0,5,2,0,0,4,7,11,5,362
,136A052,2,16,62,3,8,0,1,9,0,0,1,89,1,0,0,3,0,56,57,38,0,0,3,0,0,0,6,10,3,3,371
,136A053,3,11,58,3,2,0,0,4,0,0,3,64,1,0,0,0,1,56,36,42,0,1,1,0,1,1,9,7,3,6,313
,136A054,0,3,50,3,1,0,0,7,0,0,1,52,5,0,0,0,2,57,66,39,0,0,0,2,0,0,5,7,7,6,313
,136A055,5,10,80,4,5,0,0,4,0,1,1,40,2,0,0,0,1,69,58,64,1,0,0,0,2,0,11,11,5,4,378
,136A056,2,11,76,16,6,0,2,9,0,0,2,78,9,0,0,0,0,40,71,53,1,0,1,0,2,1,6,5,9,5,405
,136A057,0,7,47,0,7,0,0,5,0,1,2,63,3,0,0,0,1,49,70,26,0,0,1,0,0,1,6,6,9,11,315
,136A058,5,13,73,7,2,0,0,6,1,0,1,48,3,0,0,0,2,55,66,51,0,0,0,0,0,0,4,5,7,7,356
,136A059,1,13,56,5,13,0,0,5,0,0,0,49,5,0,0,1,3,67,55,52,1,0,2,0,0,1,14,16,10,8,377
,136A060,8,4,56,3,8,1,0,6,0,0,0,112,2,0,1,2,5,41,61,71,1,0,1,1,0,0,7,8,4,8,411
,136A061,2,5,66,5,5,0,0,11,0,0,0,71,2,0,0,0,11,33,56,42,0,0,4,1,2,0,7,3,8,6,340
,136A062,4,8,84,6,0,0,0,10,0,0,3,62,4,0,0,1,4,61,75,67,0,0,6,1,2,0,7,10,10,10,435
,136A063,13,10,69,2,4,0,0,6,0,0,10,68,6,0,0,1,6,54,54,50,0,0,7,4,0,0,12,3,17,7,403
,136A064,4,12,58,1,0,0,0,1,0,0,6,16,4,0,0,0,6,48,70,36,0,0,0,0,1,0,7,5,9,8,292
,136A065,14,22,66,0,1,0,0,2,0,0,6,14,18,0,0,0,1,71,101,51,0,0,1,0,4,0,6,5,12,7,402
,136A066,3,15,60,0,0,0,0,1,0,0,0,2,21,0,0,0,1,41,61,61,0,0,1,1,1,0,5,5,8,4,291
,136A067,4,20,93,2,7,0,0,7,0,0,1,81,9,0,0,0,1,68,85,48,0,0,0,1,0,1,4,8,7,10,457
,136A068,10,5,82,5,8,0,0,3,0,1,2,89,5,0,0,0,1,54,68,61,1,0,0,1,2,0,7,6,13,6,430
,136A069,11,13,76,8,8,0,2,7,0,0,2,97,2,0,0,0,5,66,66,56,0,1,1,0,3,0,3,5,8,7,447
,136A070,10,17,71,8,0,0,0,3,1,0,8,60,1,0,1,0,3,82,90,51,0,0,5,2,2,0,3,5,16,7,446
,136A071,10,17,68,1,1,0,0,7,0,0,8,45,2,0,0,0,0,89,144,34,0,0,1,3,7,0,29,8,9,6,489
,136A072,13,22,74,0,0,0,2,4,0,2,4,18,8,0,0,2,0,86,131,31,0,0,0,3,6,0,22,5,7,22,462
,136A073,13,16,79,1,2,0,0,6,0,0,0,34,4,0,0,1,0,62,150,33,0,1,2,0,3,0,4,10,6,7,434
,136A074,15,19,51,1,0,0,0,3,0,1,8,13,13,0,0,0,0,55,136,48,0,0,2,4,2,1,6,0,13,19,410
,136A075,5,13,55,5,2,0,0,7,0,0,0,78,0,0,1,0,3,42,44,59,1,0,2,0,0,0,7,4,13,8,349
,136A076,5,8,55,3,2,0,0,9,0,1,2,57,0,0,0,1,1,28,39,25,1,1,0,2,3,0,6,7,9,5,270
,136A077,5,7,51,3,12,0,0,8,0,0,2,65,1,0,0,1,3,29,44,36,1,0,0,0,0,0,5,2,6,3,284
,136A078,4,2,62,2,2,0,0,5,0,1,5,61,2,0,1,0,4,25,44,29,1,0,2,1,3,0,11,2,9,10,288
,136A079,3,4,41,2,4,0,0,4,0,0,4,61,1,0,0,1,4,39,33,39,0,0,0,0,1,0,3,2,4,4,254
,136A080,3,11,54,1,0,0,0,1,0,0,5,89,1,0,0,0,2,43,42,62,0,0,0,0,3,0,8,7,10,6,348
,136A081,0,1,20,0,4,0,0,1,0,0,0,29,1,0,0,0,2,9,22,18,0,0,0,1,0,0,1,0,2,0,111
,136A082,14,24,75,0,0,0,0,4,0,0,3,43,4,0,0,0,0,53,127,42,0,0,1,3,4,0,11,6,13,9,436
,136A083,4,29,50,0,0,0,1,0,0,0,0,9,8,0,0,2,0,75,146,57,0,0,4,2,47,1,4,5,3,3,450
,137A000,0,0,0,0,0,0,0,0,0,0,0,0,0,0,0,0,0,0,0,0,0,0,0,0,0,0,0,0,0,0,0
,137A001,7,29,116,1,0,0,0,2,0,0,3,11,7,0,0,2,0,121,110,14,0,0,1,1,1,0,9,5,5,19,464
,137A002,15,13,95,1,0,0,0,2,0,0,2,24,2,0,0,0,0,121,86,40,0,0,3,1,0,0,5,7,20,0,437
,137A003,4,31,87,0,0,0,0,2,0,0,1,10,2,1,0,0,0,114,81,35,0,0,2,1,1,0,18,12,8,5,415
,137A004,9,31,50,1,0,1,0,6,0,0,0,18,2,0,0,0,0,112,78,27,0,0,0,2,0,0,11,6,8,3,365
,137A005,12,24,55,0,1,0,1,5,0,0,2,12,3,0,0,0,0,115,53,14,0,0,4,1,3,0,10,9,9,6,339
,137A006,11,44,67,0,1,0,0,2,0,0,3,7,2,0,0,0,0,93,72,19,0,0,6,1,2,0,5,5,13,3,356
,137A007,8,25,94,1,0,0,3,3,0,0,4,10,1,0,0,0,0,95,81,24,0,0,4,3,2,2,10,15,14,2,401
,137A008,6,25,74,0,0,1,1,7,0,0,6,28,3,0,0,2,1,62,79,33,0,0,1,2,2,0,13,10,11,13,380
,137A009,7,57,77,0,0,0,0,2,0,0,4,18,1,1,0,0,0,115,90,17,1,1,0,1,1,0,6,15,24,11,449
,137A010,12,39,67,2,0,0,1,6,0,0,13,14,11,0,0,0,0,123,76,20,0,0,0,3,0,0,11,6,32,3,439
,137A011,48,46,49,0,1,1,1,4,3,0,8,11,2,0,0,0,0,113,152,47,0,1,1,0,1,0,9,2,13,12,525
,137A012,7,17,70,0,0,0,0,7,0,0,1,50,5,0,0,0,0,84,105,25,1,0,1,1,0,0,4,7,22,14,421
,137A013,9,15,73,1,2,0,0,4,0,0,1,35,1,0,0,1,0,83,69,29,0,0,2,2,0,0,14,6,14,2,363
,137A014,4,17,67,2,4,0,0,6,0,0,3,58,1,0,0,0,0,78,107,38,0,0,3,2,3,1,10,7,16,7,434
,137A015,6,18,66,6,3,0,1,4,0,1,9,62,5,0,0,1,2,98,75,30,0,0,3,2,2,1,18,3,23,12,451
,137A016,14,23,61,1,0,0,1,5,0,0,3,53,4,0,0,0,1,90,105,41,0,0,5,2,5,1,28,7,4,7,461
,137A017,1,23,70,2,2,0,0,6,0,0,6,40,7,0,0,0,0,89,119,35,0,0,4,1,3,0,15,7,13,2,445
,137A018,7,22,94,0,3,0,1,6,0,0,2,63,12,0,0,0,0,69,78,40,0,0,0,0,5,0,3,13,12,14,444
,137A019,86,26,60,0,5,1,0,0,2,0,0,10,3,0,1,1,0,144,81,37,1,1,0,1,2,2,8,6,11,4,493
,137A020,38,38,87,1,0,0,0,6,0,0,2,9,8,0,0,0,0,112,93,53,0,1,1,1,1,0,11,8,12,1,483
,137A021,19,21,55,0,4,0,0,1,1,0,8,16,4,0,0,0,0,135,101,46,0,0,0,2,1,0,20,11,11,7,463
,137A022,37,20,91,0,1,0,0,0,1,0,4,12,4,0,0,1,1,85,126,36,0,1,0,0,0,0,2,7,27,13,469
,137A023,10,25,88,0,1,1,0,4,0,0,2,17,12,0,0,0,1,167,105,35,0,1,3,1,3,1,16,5,7,6,511
,137A024,11,19,68,0,1,1,3,5,0,0,2,25,3,0,0,1,0,125,151,34,0,0,2,2,2,0,10,4,17,14,500
,137A025,10,14,81,0,0,0,0,5,0,1,7,31,18,0,0,0,0,100,100,48,0,0,0,4,4,0,20,7,14,6,470
,137A026,7,12,61,0,3,0,9,1,0,0,1,26,3,0,0,0,0,103,42,44,0,0,0,0,0,0,16,9,33,5,375
,137A027,17,14,64,1,0,0,0,3,0,0,0,47,2,0,0,0,0,62,109,38,0,0,3,2,3,0,10,9,17,5,406
,137A028,3,22,57,2,0,0,0,3,0,0,1,47,3,0,0,1,0,59,87,31,0,0,0,0,3,0,33,8,15,4,379
,137A029,10,20,71,1,0,0,0,8,0,0,11,18,3,0,0,3,0,112,75,27,1,0,1,1,0,0,14,6,7,9,398
,137A030,7,33,67,0,0,0,0,0,0,0,7,27,2,0,0,1,0,109,110,29,0,1,0,0,1,0,10,9,9,0,422
,137A031,12,24,104,0,0,0,0,4,0,1,4,48,5,0,0,0,0,96,76,26,0,0,2,3,1,0,6,18,10,11,451
,137A032,1,21,99,0,0,0,1,3,0,0,9,31,11,0,0,1,0,86,94,22,0,0,0,2,6,0,7,15,10,2,421
,137A033,9,12,82,1,1,0,1,7,0,1,9,69,3,0,0,0,2,67,90,34,0,0,1,3,3,0,9,2,11,4,421
,137A034,10,18,77,0,0,0,2,8,0,0,5,26,4,0,0,0,1,87,126,33,0,0,8,1,3,1,12,14,23,10,469
,137A035,24,14,75,0,0,0,0,2,0,0,2,20,4,0,0,1,0,105,133,48,0,0,2,0,7,0,10,13,8,11,479
,137A036,18,13,72,1,0,0,0,1,0,0,6,31,16,0,0,1,0,67,71,32,0,0,25,1,6,0,4,9,6,9,389
,137A037,8,20,75,1,0,0,1,13,0,0,9,13,4,0,0,0,0,122,122,52,0,0,0,1,5,0,11,13,17,16,503
,137A038,5,10,56,9,11,0,0,5,0,0,0,71,4,0,0,0,1,67,66,31,0,0,1,0,2,0,4,4,11,11,369
,137A039,2,13,58,1,2,0,0,2,0,0,7,60,1,0,0,0,0,84,82,34,0,0,5,0,1,1,3,3,1,12,372
,137A040,5,17,79,4,0,0,0,5,0,0,0,80,3,0,0,0,0,68,60,33,0,0,2,2,2,0,10,3,18,9,400
,137A041,5,15,71,1,1,0,0,2,0,0,2,67,1,0,1,0,0,80,123,42,2,0,2,3,1,1,5,9,21,17,472
,137A042,16,24,79,0,0,0,0,0,0,0,6,55,2,0,0,0,3,85,85,57,1,0,1,0,6,1,8,8,20,18,475
,137A043,9,19,89,2,0,0,0,8,0,0,3,64,2,0,0,4,2,87,64,49,2,0,0,1,2,0,1,16,8,3,435
,137A044,5,11,68,1,3,0,1,9,0,0,3,67,4,1,0,1,0,91,84,40,1,0,8,0,1,0,1,7,11,4,422
,137A045,2,6,71,2,0,0,1,3,0,0,4,72,2,0,0,3,3,79,56,41,2,1,3,0,1,0,6,10,12,7,387
,137A046,1,6,67,4,4,0,0,12,0,0,1,78,2,0,0,0,1,66,77,48,0,0,2,0,2,0,3,10,11,3,398
,139A000,0,0,0,0,0,0,0,0,0,0,0,0,0,0,0,0,0,0,0,0,0,0,0,0,0,0,0,0,0,0,0
,139A001,8,15,81,2,2,0,0,2,0,1,3,30,3,0,0,0,3,53,85,27,0,0,0,1,1,1,4,4,7,5,338
,139A002,13,9,49,1,7,0,0,6,0,1,0,32,6,0,0,0,0,42,51,26,0,2,2,1,2,0,4,3,15,5,277
,139A003,4,13,69,4,8,0,0,15,0,0,0,66,1,0,0,11,1,49,45,24,1,1,0,0,1,0,4,6,2,6,331
,139A004,3,6,48,2,4,1,0,8,0,0,4,53,0,0,0,0,1,30,39,29,1,0,3,0,1,0,2,5,11,5,256
,139A005,6,9,67,8,3,0,0,4,0,0,1,75,2,0,0,0,0,31,58,35,1,1,3,1,1,0,3,4,11,2,326
,139A006,3,11,39,6,4,0,0,6,1,1,2,31,0,1,0,1,3,34,54,16,1,0,5,0,3,1,7,10,9,4,253
,139A007,0,10,61,1,3,0,0,19,0,0,2,41,5,0,0,1,2,41,60,31,0,0,2,0,2,0,4,8,11,8,312
,139A008,10,5,50,4,0,0,0,2,0,0,0,53,7,0,0,0,2,49,36,25,2,0,1,0,1,0,13,6,7,21,294
,139A009,4,3,78,2,2,0,1,7,0,0,2,64,1,0,0,0,2,46,44,38,0,1,1,0,5,0,2,1,4,2,310
,139A010,10,7,60,4,13,0,0,6,0,0,1,70,3,0,0,0,4,86,47,40,1,2,1,1,2,0,5,7,8,5,383
,139A011,3,12,61,2,1,0,1,8,0,0,6,39,1,0,0,3,1,53,79,16,0,0,0,1,1,0,2,13,13,6,322
,139A012,9,9,38,4,4,0,0,5,0,0,1,29,1,0,0,1,2,58,50,28,0,0,2,3,0,0,8,5,8,0,265
,139A013,6,6,54,5,1,0,0,7,0,0,2,38,2,0,0,0,2,50,48,38,1,0,1,2,3,0,3,12,12,7,300
,139A014,4,9,47,3,13,1,0,3,0,0,3,74,10,0,0,1,3,33,57,35,0,0,1,0,1,0,11,9,11,5,334
,139A015,12,5,71,2,2,0,0,7,1,0,5,54,4,0,0,0,1,43,71,22,0,0,1,0,2,0,11,9,11,19,353
,139A016,5,18,56,2,4,0,0,7,1,0,3,60,4,0,0,0,5,51,32,34,0,0,2,2,2,0,3,4,10,9,314
,139A017,7,9,68,2,2,0,0,8,0,0,0,51,5,0,0,1,4,44,33,21,0,0,0,0,2,0,4,13,3,6,283
,139A018,2,8,37,0,3,0,0,2,0,0,4,42,6,0,0,3,3,34,51,23,1,0,1,0,0,0,9,5,4,26,264
,139A019,7,16,88,0,3,1,0,8,1,1,2,47,1,0,0,1,0,80,51,35,1,0,1,0,1,0,4,14,17,12,392
,139A020,3,12,72,1,1,0,0,3,0,0,2,55,0,0,1,0,3,63,86,33,0,0,0,0,2,1,9,7,10,7,371
,139A021,6,9,71,5,1,0,0,12,0,0,3,67,2,0,0,1,4,58,60,28,0,0,3,0,0,0,6,7,6,3,352
,139A022,2,23,62,5,3,0,1,3,0,0,4,52,8,0,0,0,5,60,59,22,0,0,2,2,3,0,2,8,2,13,341
,139A023,3,14,55,3,3,0,0,6,0,0,1,53,2,0,0,3,1,39,36,20,0,0,7,0,1,0,4,9,7,7,274
,139A024,8,15,94,5,3,0,0,7,0,1,2,64,2,1,0,2,1,38,57,30,0,0,1,1,5,0,11,9,17,15,389
,139A025,10,14,54,1,2,0,0,2,0,0,0,72,4,0,0,0,0,34,60,29,0,0,1,1,3,1,9,8,10,7,322
,139A026,4,9,67,3,3,0,0,3,0,0,1,58,1,0,0,0,0,50,55,27,0,0,4,0,1,0,4,12,11,9,322
,139A027,2,9,69,2,3,0,0,14,0,0,0,44,2,0,0,1,3,57,54,26,0,0,3,2,0,0,6,5,5,11,318
,139A028,7,4,78,6,10,0,0,4,0,0,1,45,3,0,0,0,1,59,76,45,0,1,1,1,3,0,11,16,10,8,390
,139A029,12,27,56,0,2,0,0,2,0,0,2,13,7,0,0,0,2,78,79,14,0,0,1,1,1,0,18,6,9,5,335
,139A030,5,20,72,5,6,0,0,2,0,1,11,36,3,0,0,0,5,65,61,24,1,0,1,2,2,0,13,3,3,6,347
,139A031,2,17,60,1,6,0,0,5,0,0,1,84,12,1,0,3,3,47,52,39,2,0,6,0,4,0,5,20,10,10,390
,139A032,3,11,68,1,5,0,0,8,0,0,3,36,6,0,0,4,8,67,53,14,2,0,0,1,1,0,2,8,4,5,310
,139A033,13,13,57,2,7,0,0,10,0,0,1,74,10,0,0,0,2,62,68,26,0,0,0,0,0,0,10,10,7,10,382
,139A034,10,6,59,9,8,0,0,11,0,0,4,38,2,0,1,1,4,50,46,32,1,0,6,0,1,1,3,8,9,11,321
,139A035,12,12,70,5,11,0,0,4,0,0,1,51,1,0,0,0,0,67,56,48,1,0,2,0,3,1,6,8,5,12,376
,139A036,0,9,83,6,3,0,0,9,0,0,6,51,1,0,0,0,6,90,47,14,1,0,1,1,4,0,7,6,8,8,361
,139A037,4,14,97,4,8,0,1,7,0,0,1,54,3,0,0,0,0,73,42,37,0,0,5,1,1,0,4,9,6,7,378
,139A038,7,7,109,6,5,0,0,11,0,0,2,54,2,0,0,0,2,48,46,25,1,1,2,0,3,0,4,12,4,12,363
,139A039,8,6,69,3,3,0,0,7,0,0,3,60,7,0,1,1,3,68,59,31,3,0,3,0,4,0,8,6,7,12,372
,139A040,10,6,56,3,6,0,0,2,0,0,0,40,1,0,0,0,6,65,55,32,1,1,2,1,4,0,5,1,10,13,320
,139A041,9,9,73,5,5,0,0,5,0,0,1,50,7,0,0,0,2,67,60,36,0,1,2,2,2,0,10,5,4,5,360
,139A042,9,13,64,5,8,0,0,6,0,0,5,41,3,0,0,1,1,60,52,24,0,0,1,1,1,0,9,7,10,15,336
,139A043,9,8,97,3,13,0,0,5,0,0,0,39,2,0,0,0,3,31,46,24,1,0,3,1,1,0,6,12,5,12,321
,139A044,7,5,96,5,3,0,0,7,0,0,1,60,1,0,0,0,1,41,36,37,1,0,2,0,0,1,6,6,5,20,341
,139A045,9,11,70,1,1,0,2,4,0,0,5,55,11,0,0,0,1,36,28,23,0,1,2,0,4,0,6,8,4,5,287
,139A046,4,8,83,4,11,1,0,3,0,1,1,50,9,0,0,1,3,58,53,38,0,0,1,2,4,0,7,7,13,5,367
,139A047,10,19,91,0,2,0,0,0,1,0,1,21,8,0,0,0,1,69,65,23,2,0,6,0,2,0,15,6,11,13,366
,139A048,20,29,60,0,0,0,0,3,1,0,15,8,1,0,0,4,0,71,142,38,0,0,1,3,3,0,12,9,2,5,427
,139A049,36,28,76,1,0,1,0,3,0,0,1,19,4,0,0,3,0,70,148,33,0,1,4,1,2,0,15,6,9,3,464
,139A050,18,16,83,1,9,0,0,2,0,0,4,15,4,0,0,0,1,54,82,24,3,0,1,0,2,0,20,13,7,14,373
,139A051,6,7,55,1,0,0,0,0,0,0,1,19,1,0,0,0,0,45,85,28,1,0,5,3,3,1,10,3,17,3,294
,139A052,17,14,57,0,0,0,0,1,0,0,1,12,1,0,0,0,1,54,70,19,0,0,8,1,0,0,14,6,8,3,287
,139A053,3,8,65,3,4,0,0,3,1,0,4,45,3,0,0,0,1,60,58,24,2,1,1,0,1,0,14,4,10,0,315
,139A054,15,9,85,5,7,0,0,4,0,0,1,50,6,0,0,0,5,54,59,52,1,1,4,2,2,0,7,9,7,9,394
,139A055,7,9,66,2,2,0,1,9,0,0,7,43,3,0,0,0,2,52,52,41,0,0,3,2,1,0,14,7,9,3,335
,139A056,8,14,70,0,2,0,0,1,0,0,1,54,0,0,0,1,0,51,36,29,1,0,1,3,5,0,8,9,9,11,314
,139A057,5,7,64,1,2,1,0,4,0,0,4,42,2,0,0,0,2,51,23,17,0,0,3,0,1,1,4,5,7,3,249
,139A058,23,15,76,2,9,0,0,7,0,0,1,56,3,0,0,0,6,43,80,39,2,0,4,1,1,0,9,6,6,9,398
,139A059,8,13,71,10,7,0,0,4,0,1,2,71,3,0,0,0,1,63,40,26,1,0,5,2,0,0,8,6,3,4,349
,139A060,9,14,69,4,3,0,0,6,0,0,4,46,1,0,0,0,2,42,44,37,0,0,1,0,0,0,4,15,10,0,311
,139A061,5,12,45,0,3,0,0,1,1,0,5,48,0,0,0,0,7,65,34,18,2,0,4,0,4,0,8,8,10,6,286
,139A062,12,13,69,6,0,0,0,17,0,0,1,34,14,0,0,0,4,46,63,27,1,0,0,0,2,0,10,16,1,6,342
,139A063,5,17,72,0,2,1,0,4,0,0,0,44,1,0,0,0,3,48,31,26,2,0,0,3,1,0,5,5,4,17,291
,139A064,6,6,63,5,10,0,0,1,0,0,2,47,2,0,0,0,0,44,31,32,4,0,3,1,0,0,6,10,15,9,297
,139A065,2,6,53,0,9,0,0,1,0,0,1,40,3,1,0,0,0,42,41,22,0,0,0,0,0,0,4,0,6,6,237
,139A066,15,7,58,3,12,0,0,8,0,0,1,55,3,1,0,0,0,51,47,23,0,0,4,0,1,0,4,7,8,12,320
,139A067,17,13,72,3,8,0,0,3,0,0,3,86,4,0,0,0,1,38,106,43,1,0,5,0,2,0,4,10,6,13,438
,139A068,5,14,84,6,9,0,0,6,1,0,5,87,8,1,0,1,2,41,52,28,0,0,3,1,0,0,9,12,16,9,400
,139A069,11,22,101,9,15,0,1,9,0,0,0,99,0,0,0,1,3,70,67,55,0,0,5,1,2,0,3,9,14,4,501
,139A070,9,11,40,1,9,0,0,3,0,0,0,49,3,0,0,0,6,42,38,27,0,1,5,2,2,0,2,13,11,7,281
,139A071,20,25,54,3,8,0,1,7,0,0,4,41,7,0,0,1,2,56,55,18,0,0,8,0,1,0,6,5,2,6,330
,139A072,15,8,74,1,7,0,0,7,0,0,0,69,1,0,0,1,0,37,48,26,0,0,10,0,3,0,6,9,4,8,334
,139A073,7,17,62,5,8,0,0,3,0,0,1,38,3,0,0,1,4,63,50,41,2,0,2,1,2,0,9,8,7,16,350
,139A074,11,9,86,4,5,0,0,9,0,0,1,58,3,0,0,1,2,44,35,30,1,0,3,0,1,0,4,8,3,2,320
,139A075,16,2,64,2,4,0,0,6,0,0,1,46,3,0,0,0,3,55,61,22,0,0,4,2,0,1,10,5,4,5,316
,139A076,6,7,95,2,8,0,0,7,0,0,5,73,6,0,0,0,1,50,66,34,0,0,3,1,3,0,11,10,9,7,404
,139A077,17,16,66,8,12,0,1,3,0,0,0,68,5,0,0,0,8,47,52,20,0,0,4,1,2,0,4,10,9,4,357
,139A078,6,17,49,13,9,0,1,7,1,1,0,58,2,0,0,3,5,34,51,61,0,2,3,1,2,0,9,5,8,5,353
,139A079,4,4,54,10,5,0,0,6,0,1,1,47,1,0,0,1,1,36,23,22,0,0,0,0,3,0,7,10,2,2,240
,139A080,4,12,70,6,15,0,0,6,0,0,1,80,2,0,1,0,2,44,43,31,0,0,1,0,5,0,2,4,9,11,349
,139A081,7,10,75,19,13,0,0,11,0,0,1,72,2,0,0,2,4,60,38,41,0,1,2,3,1,0,5,8,8,7,390
,139A082,5,11,50,3,13,0,0,0,0,0,4,25,7,0,0,1,0,56,58,42,0,0,0,1,3,0,8,6,6,2,301
,139A083,13,16,69,10,4,0,0,2,0,0,3,37,2,0,0,0,3,69,52,30,1,0,2,4,1,0,16,9,11,5,359
,139A084,12,15,62,1,3,0,0,6,0,0,1,13,10,0,0,0,0,94,78,18,0,1,1,1,4,1,7,2,3,10,343
,139A085,14,32,77,1,0,2,0,3,1,0,0,11,6,0,0,0,0,89,139,23,0,0,1,4,5,0,13,9,13,8,451
,139A086,30,21,41,0,2,1,0,1,0,0,3,24,4,0,0,0,0,86,76,40,1,1,3,1,7,0,17,6,4,2,371
,139A087,6,11,55,3,3,0,0,2,1,0,3,8,3,0,0,0,1,34,55,21,0,0,1,2,1,2,8,4,0,3,227
,139A088,9,21,59,4,5,0,1,0,0,0,10,17,4,0,0,1,0,62,81,35,0,0,3,1,7,1,10,6,13,7,357
,139A089,11,20,65,0,1,0,1,1,0,0,1,17,0,0,0,2,0,90,143,26,0,0,0,3,2,3,4,5,3,2,400
,139A090,41,19,49,0,2,0,0,2,0,0,3,6,21,0,0,9,0,60,95,23,0,0,4,1,0,0,4,3,9,1,352
,139A091,21,22,40,0,0,0,1,3,0,0,1,14,5,0,0,0,0,48,73,25,0,0,0,1,2,0,5,12,3,10,286
,139A092,27,22,39,1,1,0,0,3,0,0,4,8,2,0,0,0,0,52,109,24,0,0,0,0,1,0,3,8,8,3,315
,139A093,29,20,69,0,0,1,0,9,0,0,1,10,2,0,0,1,0,44,127,12,0,0,0,1,1,0,6,5,10,6,354
,139A094,12,7,56,0,0,0,0,5,0,0,2,24,6,0,0,1,1,58,70,34,0,0,1,2,0,0,8,4,9,5,305
,139A095,10,10,63,2,0,0,0,2,0,0,0,17,22,0,0,0,0,51,75,39,0,0,1,2,0,2,6,8,8,8,326
,139A096,20,30,59,0,0,0,1,2,1,0,3,21,2,0,0,2,1,74,95,28,0,1,1,1,2,0,24,11,8,10,397
,139A097,8,9,51,3,6,0,0,2,0,0,0,26,0,0,0,0,1,77,73,28,0,0,2,1,5,0,4,9,6,6,317
,139A098,29,19,61,1,0,0,2,1,0,0,1,25,11,0,0,0,0,85,81,38,1,1,3,0,4,0,14,8,7,16,408
,139A099,7,20,58,0,2,0,0,2,0,0,4,26,11,0,0,1,0,71,125,40,0,0,0,0,4,0,14,5,15,7,412
,139A100,23,14,58,0,0,1,2,2,0,0,0,9,11,0,0,0,0,57,129,22,0,0,3,0,2,0,2,3,2,5,345
,139A101,9,13,39,0,1,0,0,3,0,0,2,5,4,0,0,0,0,59,81,33,0,0,1,0,1,0,0,12,4,1,268
,141A000,0,0,0,0,0,0,0,0,0,0,0,0,0,0,0,0,0,0,0,0,0,0,0,0,0,0,0,0,0,0,0
,141A001,8,2,109,0,0,0,0,0,0,0,1,7,0,0,0,0,0,15,106,135,0,1,0,0,1,0,48,1,1,12,447
,141A002,11,7,100,0,0,0,0,0,0,0,0,0,1,0,0,0,0,3,22,121,0,0,0,0,0,0,4,1,2,28,300
,141A003,1,0,59,0,0,0,0,0,0,0,0,0,0,0,0,0,0,2,3,79,0,0,0,0,0,0,0,0,1,6,151
,141A004,4,4,67,0,0,0,0,0,0,0,2,1,2,0,0,0,1,16,179,231,0,0,1,0,4,0,17,2,1,4,536
,141A005,53,1,68,0,0,0,0,0,0,0,0,0,0,0,0,0,0,19,45,63,0,0,1,1,0,0,100,1,1,0,353
