names,SDA Sandžaka – Dr. Sulejman Ugljanin / СДА Санџака – Др Сулејман Угљанин,Vajdasági Magyar Szövetség – Pásztor István / Савез војвођанских Мађара – Иштван Пастор,Александар Вучић - Србија побеђује,Бирачи који су гласали,"Борис Тадић, Чедомир Јовановић – Савез за бољу Србију – Либерално демократска партија, Лига социјалдемократа Војводине, Социјалдемократска странка",Борко Стефановић – Србија за све нас,Број гласачких листића у кутији,Број неупотребљених гласачких листића,Број примљених гласачких листића,Број уписаних бирача у бирачки списак,Важећи гласачки листићи,"Група грађана ""За препород Србије"" – про. др Слободан Комазец",Двери – Демократска странка Србије – Санда Рашковић Ивић – Бошко Обрадовић,Дијалог - млади са ставом - Станко Дебељаковић,Доста је било - Саша Радуловић,Др Војислав Шешељ – Српска радикална странка,"За праведну Србију - Демократска странка (НОВА, ДСХВ, ЗЗС)",За слободну Србију – Заветници – Милица Ђурђевић,Зелена Странка,"Ивица Дачић – Социјалистичка партија Србије (СПС), Јединствена Србија (ЈС) – Драган Марковић Палма",Муамер Зукорлић / Muamer Zukorlić – Бошњачка демократска заједница Санџака / Bošnjačka demokratska zajednica Sandžaka,Неважећи гласачки листићи,Партија за демократско деловање - Ардита Синани / Partia për Veprim Demokratik - Ardita Sinani,Републиканска странка – Republikánus párt – Никола Сандуловић,Руска странка - Слободан Николић,Српско руски покрет – Слободан Димитријевић,У инат - Сложно за Србију - Народни савез,Pobjednik
Ада,7,2255,1838,8027,555,15,8024,7349,15377,15381,7760,10,96,9,222,168,2199,26,60,237,13,264,3,7,11,10,19,Vajdasági Magyar Szövetség – Pásztor István / Савез војвођанских Мађара – Иштван Пастор
Александровац,29,6,8644,15286,569,66,15279,7952,23239,23282,14711,45,885,49,320,1208,848,71,55,1753,23,568,1,19,30,12,78,Александар Вучић - Србија побеђује
Алексинац,21,24,13177,25072,766,157,25065,18182,43254,43301,24315,57,1186,39,759,1728,1009,145,83,4766,61,750,13,7,149,73,95,Александар Вучић - Србија побеђује
Алибунар,3,58,5216,10804,1159,29,10801,7982,18786,18789,10495,26,415,21,275,762,1173,43,38,1211,20,306,1,1,8,17,19,Александар Вучић - Србија побеђује
Апатин,9,791,7195,15724,629,64,15671,10407,26133,26333,15220,42,285,16,628,1497,774,59,161,2763,41,451,0,120,32,23,91,Александар Вучић - Србија побеђује
Аранђеловац,5,15,11015,20506,811,140,20503,18108,38618,38600,19928,58,1036,54,906,2062,718,287,138,2219,23,575,5,27,55,36,318,Александар Вучић - Србија побеђује
Ариље,11,22,5712,10138,316,33,10138,5738,15876,15880,9735,29,568,16,352,1083,599,74,30,775,19,403,1,7,34,13,41,Александар Вучић - Србија побеђује
Бабушница,33,27,3971,7508,343,19,7506,2685,10193,10199,7259,14,249,8,155,608,229,28,33,1333,46,247,2,15,85,18,43,Александар Вучић - Србија побеђује
Бајина Башта,5,23,7471,13412,426,53,13405,8760,22172,22178,13028,19,933,28,472,1094,541,74,33,1763,12,377,0,6,15,23,37,Александар Вучић - Србија побеђује
Барајево,9,12,7313,14186,833,92,14161,9887,24073,24090,13662,57,1155,22,457,1230,744,84,59,1384,41,499,4,12,36,29,89,Александар Вучић - Србија побеђује
Баточина,7,8,4188,7548,246,21,7548,2853,10404,10405,7316,25,276,11,139,516,846,81,35,824,16,232,4,2,26,13,32,Александар Вучић - Србија побеђује
Бач,5,191,3632,7799,961,38,7797,5393,13192,13205,7564,8,218,7,184,738,829,27,44,578,44,233,2,7,13,25,13,Александар Вучић - Србија побеђује
Бачка Паланка,15,403,15606,30226,1395,193,30204,17643,47869,47892,29302,78,1009,42,1638,3425,1551,203,168,3192,28,902,4,55,103,139,55,Александар Вучић - Србија побеђује
Бачка Топола,7,4665,4663,14360,917,37,14354,14989,29353,29396,13883,49,400,31,350,739,723,73,111,963,38,471,13,5,25,25,49,Vajdasági Magyar Szövetség – Pásztor István / Савез војвођанских Мађара – Иштван Пастор
Бачки Петровац,10,62,2991,7108,1124,48,7108,5142,12250,12259,6858,15,116,11,443,303,901,24,75,685,10,250,3,2,13,8,14,Александар Вучић - Србија побеђује
Бела Паланка,5,9,4385,8385,1559,21,8385,1345,9730,9735,8180,12,128,9,78,420,243,31,11,1225,8,205,3,2,12,4,15,Александар Вучић - Србија побеђује
Бела Црква,6,28,5463,10150,1177,76,10149,6275,16425,16434,9833,16,337,49,212,596,626,32,45,970,9,316,1,4,18,7,161,Александар Вучић - Србија побеђује
Беочин,42,33,5057,9075,471,49,9073,4373,13448,13447,8787,34,227,7,330,716,472,54,57,1065,40,286,1,6,81,13,32,Александар Вучић - Србија побеђује
Бечеј,29,3213,7946,17857,1109,97,17845,15845,33702,33708,17193,39,445,29,1040,1021,1258,103,103,585,19,652,8,13,39,44,53,Александар Вучић - Србија побеђује
Блаце,2,11,4527,7611,374,70,7611,2243,9855,9860,7486,0,527,2,111,554,577,33,10,636,4,125,1,1,12,10,24,Александар Вучић - Србија побеђује
Богатић,10,86,6088,16784,680,60,16773,8278,25062,25098,16051,38,919,15,496,1935,701,223,72,4526,66,722,3,11,56,13,53,Александар Вучић - Србија побеђује
Бојник,54,30,4078,6766,156,12,6764,2214,8981,8982,6576,9,178,7,71,574,202,111,3,1041,11,188,1,8,17,3,10,Александар Вучић - Србија побеђује
Бољевац,3,10,3408,7171,427,44,7170,3959,11130,11139,6974,14,255,12,131,373,214,36,21,1961,7,196,2,9,14,7,26,Александар Вучић - Србија побеђује
Бор,19,17,10764,25067,1755,434,25059,19217,44299,44299,24468,80,1820,70,1481,1920,1504,284,212,3620,83,591,29,49,114,48,165,Александар Вучић - Србија побеђује
Босилеград,6,11,2024,5192,184,12,5192,2873,8067,8076,5052,0,1644,1,36,180,121,13,9,771,18,140,6,6,3,0,7,Александар Вучић - Србија побеђује
Брус,23,14,5741,10259,287,81,10259,3954,14213,14218,9940,29,529,160,194,894,312,51,21,1522,21,319,4,4,17,6,30,Александар Вучић - Србија побеђује
Бујановац,68,35,5998,19979,557,18,19979,22644,42620,42614,16910,14,407,13,120,754,210,54,24,1054,255,3069,7245,47,11,15,11,Партија за демократско деловање - Ардита Синани / Partia për Veprim Demokratik - Ardita Sinani
Ваљево,26,72,20364,44278,1468,318,44258,35118,79415,79431,42637,193,2693,98,3034,3370,2373,448,173,7564,75,1621,11,26,84,83,164,Александар Вучић - Србија побеђује
Варварин,14,8,5598,10475,294,36,10475,5754,16229,16232,10072,23,397,21,350,836,548,46,32,1743,17,403,8,24,21,17,39,Александар Вучић - Србија побеђује
Велика Плана,11,54,11076,19886,708,87,19880,17804,37690,37693,19276,80,1578,37,461,1397,671,114,62,2601,27,604,5,8,169,38,92,Александар Вучић - Србија побеђује
Велико Градиште,4,28,5245,9415,381,32,9413,10551,20075,20057,9119,20,385,34,329,590,364,50,37,1413,11,294,4,4,132,27,29,Александар Вучић - Србија побеђује
Витина,0,0,591,917,49,0,917,1253,2070,2070,899,0,32,0,0,87,5,2,2,130,0,18,0,0,0,0,1,Александар Вучић - Србија побеђује
Владимирци,17,30,5061,9596,256,24,9591,5651,15247,15251,9211,27,416,9,172,837,818,74,13,1315,24,380,5,3,70,19,21,Александар Вучић - Србија побеђује
Владичин Хан,31,70,7298,12238,384,222,12232,5236,17474,17458,11960,84,391,16,192,787,889,56,20,1373,28,272,2,28,46,18,25,Александар Вучић - Србија побеђује
Власотинце,22,52,8651,17599,2517,22,17594,6844,24463,24444,17190,18,421,9,235,1200,381,53,35,3346,39,404,4,8,39,114,24,Александар Вучић - Србија побеђује
Вождовац,20,111,33066,80811,4018,1507,80702,80755,161570,161686,78782,462,5763,360,10113,7251,6517,914,740,6802,96,1920,25,89,210,245,473,Александар Вучић - Србија побеђује
Врање,38,56,22429,42081,1735,161,42070,21405,63495,63447,41115,116,1643,30,1244,2433,1949,186,158,8477,62,955,55,27,92,121,103,Александар Вучић - Србија побеђује
Врањска Бања,1,11,3056,5529,454,10,5529,3139,8669,8613,5388,6,242,2,42,247,83,17,11,1174,7,141,2,2,10,6,5,Александар Вучић - Србија побеђује
Врачар,4,71,9358,33431,1988,967,33416,30258,63689,63701,32680,187,2380,121,6055,2205,5825,302,415,2436,20,736,11,27,56,75,177,Александар Вучић - Србија побеђује
Врбас,14,322,8814,21093,1197,328,21089,15158,36251,36259,20520,47,857,27,1366,2280,1132,95,149,3476,24,569,14,154,93,61,70,Александар Вучић - Србија побеђује
Врњачка Бања,7,26,9188,16178,722,67,16174,8552,24730,24731,15724,28,830,50,524,1036,742,69,59,2186,30,450,9,58,25,25,43,Александар Вучић - Србија побеђује
Вршац,3,215,13041,26932,1922,215,26902,19683,46615,46636,26130,76,927,44,1804,1807,1986,108,212,3464,21,772,6,11,99,93,76,Александар Вучић - Србија побеђује
Вучитрн,0,0,867,1291,100,0,1281,1358,2649,2643,1264,0,84,0,0,111,6,7,0,87,1,17,0,0,0,0,1,Александар Вучић - Србија побеђује
Гаџин Хан,16,10,2503,5468,120,26,5467,1670,7139,7140,5275,9,183,4,94,462,260,15,6,1496,19,192,1,5,25,5,16,Александар Вучић - Србија побеђује
Гњилане,0,0,2211,3373,244,1,3373,5240,8613,8613,3305,3,37,2,6,322,130,20,0,324,0,68,0,0,2,1,2,Александар Вучић - Србија побеђује
Голубац,2,0,3014,5120,223,29,5119,3587,8707,8709,4974,10,137,3,74,350,417,21,18,617,8,145,2,9,11,7,22,Александар Вучић - Србија побеђује
Гора,0,1,760,979,18,1,979,6433,7412,7392,959,2,6,1,1,14,31,2,0,116,5,20,0,1,0,0,0,Александар Вучић - Србија побеђује
Горњи Милановац,6,28,12131,22952,822,136,22947,14594,37546,37560,22133,84,1433,38,952,1520,769,178,298,3498,33,814,10,4,82,37,74,Александар Вучић - Србија побеђује
Гроцка,23,91,18999,36398,1175,327,36346,32089,68501,68504,35304,110,2365,168,1793,3660,1429,424,133,4085,105,1042,4,33,106,91,183,Александар Вучић - Србија побеђује
Деспотовац,5,6,7532,13053,800,27,13041,10500,23570,23565,12725,17,486,16,183,651,1247,52,18,1471,19,316,2,1,151,13,28,Александар Вучић - Србија побеђује
Димитровград,9,49,3777,6585,306,36,6584,2175,8760,8763,6351,10,279,10,210,397,563,22,26,596,9,233,1,4,13,10,24,Александар Вучић - Србија побеђује
Дољевац,6,3,7877,11209,118,21,11205,3731,14947,14948,10993,11,277,2,111,623,494,42,9,1317,10,212,1,4,39,8,20,Александар Вучић - Србија побеђује
Жабаљ,11,62,7627,13191,684,50,13178,8993,22182,22183,12695,41,446,8,365,1588,558,73,63,861,25,483,8,9,78,104,34,Александар Вучић - Србија побеђује
Жабари,6,10,3283,6314,216,17,6314,6146,12460,12461,6069,8,268,5,73,319,331,66,10,1406,4,245,1,0,18,7,21,Александар Вучић - Србија побеђује
Жагубица,0,1,4567,8036,186,20,8036,3322,11358,11355,7882,3,162,10,74,387,378,77,14,1953,8,154,0,7,3,5,27,Александар Вучић - Србија побеђује
Житиште,94,782,3782,9356,679,30,9355,5536,14892,14900,9032,11,474,7,189,796,815,43,37,1198,16,323,3,5,33,17,21,Александар Вучић - Србија побеђује
Житорађа,29,13,4679,10206,403,11,10178,2873,13088,13117,9850,38,371,11,58,1844,626,81,32,1384,20,328,9,38,177,8,18,Александар Вучић - Србија побеђује
Зајечар,20,33,11683,26594,1617,278,26592,27185,53779,53787,25789,75,1318,69,1580,2337,2162,230,207,3744,30,803,14,72,119,48,153,Александар Вучић - Србија побеђује
Звездара,26,83,28132,73343,4217,1341,73201,76329,149675,149813,71376,452,5101,333,9875,6032,6793,888,829,6236,111,1825,16,65,169,183,494,Александар Вучић - Србија побеђује
Звечан,0,1,2308,3521,43,14,3521,4263,7784,7778,3464,3,242,2,34,502,4,26,2,262,3,57,0,5,3,5,5,Александар Вучић - Србија побеђује
Земун,30,149,37430,81237,3439,1211,81214,81711,162950,162819,79202,580,4059,296,8499,10013,4623,879,867,5929,97,2012,18,69,202,385,427,Александар Вучић - Србија побеђује
Зрењанин,17,1873,24957,55269,5317,1064,55186,51344,106612,106724,53862,200,2137,105,4286,4101,2665,263,413,5587,54,1324,19,151,312,158,183,Александар Вучић - Србија побеђује
Зубин Поток,0,0,1704,2886,12,1,2886,1802,4688,4688,2804,0,593,0,11,333,9,6,2,118,3,82,0,4,5,1,2,Александар Вучић - Србија побеђује
Ивањица,21,31,9790,15864,727,42,15860,10860,26725,26736,15427,30,924,13,510,1099,503,62,30,1451,45,433,6,49,45,16,33,Александар Вучић - Србија побеђује
Инђија,13,133,14888,25998,1027,170,25966,15919,41917,41926,25308,88,889,29,793,2645,2070,121,102,2131,20,658,4,11,55,55,64,Александар Вучић - Србија побеђује
Ириг,13,103,2886,5839,458,37,5837,3671,9510,9511,5619,25,112,12,260,594,463,33,97,425,30,218,2,7,16,31,15,Александар Вучић - Србија побеђује
Јагодина,17,34,16380,36713,1626,329,36671,28919,65632,65706,35496,87,1461,47,1481,2307,866,161,169,9902,30,1175,16,11,147,297,128,Александар Вучић - Србија побеђује
Кањижа,22,5068,2183,10635,894,33,10633,12059,22694,22704,10177,21,190,34,161,238,766,26,114,267,30,456,6,8,30,55,31,Vajdasági Magyar Szövetség – Pásztor István / Савез војвођанских Мађара – Иштван Пастор
Кикинда,39,1390,16629,31043,2280,176,31013,20161,51204,51275,30173,70,1015,72,1681,2125,1376,138,251,2641,35,840,8,8,84,70,85,Александар Вучић - Србија побеђује
Кладово,6,35,7085,12104,708,48,12104,10783,22887,22895,11768,24,344,20,308,486,483,46,50,2055,9,336,5,5,21,7,23,Александар Вучић - Србија побеђује
Кнић,10,19,4051,7582,386,24,7582,3849,11431,11446,7263,15,413,1,110,645,488,71,19,847,37,319,5,4,85,15,18,Александар Вучић - Србија побеђује
Књажевац,6,24,9033,15249,539,300,15247,11086,26337,26341,14749,29,512,24,396,962,850,78,78,1680,16,498,6,7,56,95,58,Александар Вучић - Србија побеђује
Ковачица,3,435,5663,11997,1377,40,11986,10309,22306,22304,11676,40,286,11,458,401,1889,32,200,761,7,310,2,8,11,17,35,Александар Вучић - Србија побеђује
Ковин,6,490,8105,15226,831,118,15217,14047,29273,29276,14758,41,587,32,562,1200,960,94,99,1529,14,459,4,6,30,20,30,Александар Вучић - Србија побеђује
Косјерић,8,4,2348,5109,191,9,5108,4742,9851,9851,4924,2,528,9,274,575,368,55,8,496,14,184,6,0,10,2,17,Александар Вучић - Србија побеђује
Косово Поље,0,0,795,1194,2,0,1194,3301,4495,4495,1166,3,41,0,0,64,20,1,0,239,1,28,0,0,0,0,0,Александар Вучић - Србија побеђује
Косовска Каменица,0,1,2432,3624,27,2,3624,4718,8342,8344,3574,3,49,0,8,248,24,15,0,755,0,50,1,1,5,2,1,Александар Вучић - Србија побеђује
Косовска Митровица,17,1,2934,4642,92,16,4620,10503,15145,15140,4531,0,416,3,58,609,38,31,3,279,17,89,0,1,7,5,4,Александар Вучић - Србија побеђује
Костолац,31,10,3195,6605,274,155,6605,5156,11761,11784,6423,22,243,5,221,348,500,59,23,1218,15,182,4,10,55,10,25,Александар Вучић - Србија побеђује
Коцељева,3,1,6252,8248,160,15,8248,3407,11655,11659,8053,1,282,2,77,514,139,18,4,562,7,195,2,1,3,5,5,Александар Вучић - Србија побеђује
Крагујевац,103,133,44888,91924,6744,720,91856,67141,159060,159090,89073,272,4396,182,6273,7631,6278,1072,708,8185,130,2783,34,74,704,161,385,Александар Вучић - Србија побеђује
Краљево,81,65,28823,59873,2382,640,59838,47743,107616,107653,58178,185,5327,101,3274,5555,2392,603,249,7527,160,1660,21,141,251,124,277,Александар Вучић - Србија побеђује
Крупањ,3,14,5864,9093,166,13,9093,5201,14294,14281,8825,4,373,6,95,537,297,22,17,1309,37,268,3,6,21,19,19,Александар Вучић - Србија побеђује
Крушевац,49,59,34926,62863,2171,707,62821,50004,112868,112879,61223,164,3456,257,3040,4252,2698,414,267,7555,86,1598,22,613,107,86,294,Александар Вучић - Србија побеђује
Кула,17,882,10454,21454,1056,132,21442,15054,36624,36650,20777,80,745,24,1077,2040,1224,110,103,2393,29,665,7,58,229,53,64,Александар Вучић - Србија побеђује
Куршумлија,27,50,5778,10701,297,41,10701,5353,16053,16074,10438,90,659,25,207,1121,415,99,16,1342,20,263,8,6,40,167,30,Александар Вучић - Србија побеђује
Кучево,6,4,6555,9958,460,28,9957,7268,17226,17219,9700,17,235,19,139,455,563,25,27,1104,8,257,4,0,22,5,24,Александар Вучић - Србија побеђује
Лазаревац,17,49,15665,35498,1574,260,35474,16988,52498,52528,34393,207,2850,64,1846,3327,2426,593,416,4689,63,1081,8,34,95,46,164,Александар Вучић - Србија побеђује
Лајковац,4,13,4040,9040,210,50,9039,3136,12176,12176,8709,20,906,12,200,677,797,219,32,1430,14,330,6,2,18,10,49,Александар Вучић - Србија побеђује
Лапово,2,2,2591,4656,208,24,4655,2475,7131,7131,4472,15,147,3,117,505,210,22,28,431,20,183,5,8,101,8,25,Александар Вучић - Србија побеђује
Лебане,43,17,6980,13091,338,50,13091,5405,18496,18496,12769,27,585,13,175,812,263,93,12,3118,91,322,5,4,32,81,30,Александар Вучић - Србија побеђује
Лепосавић,1,0,5412,7761,460,5,7760,3607,11368,11358,7637,1,221,5,24,422,59,12,5,981,4,123,1,0,0,19,5,Александар Вучић - Србија побеђује
Лесковац,107,217,43385,81155,5089,513,81134,40406,121561,121581,79225,173,3572,86,1992,5354,3054,536,226,13540,504,1909,63,46,257,315,196,Александар Вучић - Србија побеђује
Липљан,0,1,1699,2225,32,0,2225,3742,5967,5967,2194,0,43,0,4,200,9,11,1,188,2,31,0,0,2,2,0,Александар Вучић - Србија побеђује
Лозница,38,48,22734,39497,1221,174,39474,35041,74538,74370,38127,131,1701,54,1682,3545,1357,274,109,4523,118,1347,12,15,172,95,124,Александар Вучић - Србија побеђује
Лучани,7,12,5442,9460,215,25,9459,7777,17234,17243,9150,20,869,16,294,767,244,42,17,1009,21,309,3,6,27,69,45,Александар Вучић - Србија побеђује
Љиг,4,11,3485,6565,291,25,6565,3170,9735,9737,6297,27,588,11,177,619,247,49,24,664,15,268,4,5,15,8,28,Александар Вучић - Србија побеђује
Љубовија,3,18,3799,8925,174,42,8925,3423,12348,12348,8648,12,361,6,107,870,419,113,8,2617,7,277,2,6,46,9,29,Александар Вучић - Србија побеђује
Мајданпек,6,7,4843,10187,622,65,10187,7697,17885,17895,9857,28,397,10,256,732,808,78,56,1820,15,330,6,24,23,13,48,Александар Вучић - Србија побеђује
Мали Зворник,16,10,4212,8038,175,25,8037,5157,13195,13187,7770,28,494,10,119,880,290,73,11,1299,33,267,2,1,19,61,12,Александар Вучић - Србија побеђује
Мали Иђош,2,1572,2438,5981,158,20,5976,4633,10615,10614,5743,9,82,4,81,235,311,13,33,736,3,233,0,6,11,14,15,Александар Вучић - Србија побеђује
Мало Црниће,4,10,2899,6336,399,19,6334,6280,12617,12600,6160,16,359,3,137,415,423,31,19,1363,7,174,2,5,26,6,17,Александар Вучић - Србија побеђује
Медвеђа,6,3,1889,3948,190,5,3948,6484,10552,10528,3842,4,84,2,37,318,84,11,5,647,22,106,521,3,6,2,3,Александар Вучић - Србија побеђује
Медијана,26,29,16640,43249,2415,895,43193,35399,78653,78643,42231,227,3204,87,6010,3409,2930,336,292,4906,50,962,18,23,363,163,208,Александар Вучић - Србија побеђује
Мерошина,17,22,4998,8900,206,12,8893,2090,10990,10990,8693,50,301,4,78,759,412,56,11,1625,31,200,0,9,76,13,13,Александар Вучић - Србија побеђује
Мионица,1,7,3913,6955,130,10,6954,4720,11675,11675,6717,17,308,8,106,671,512,77,14,887,7,237,2,2,8,14,23,Александар Вучић - Србија побеђује
Младеновац,11,34,14600,26708,1230,177,26701,21431,48139,48181,25722,81,1149,57,1269,2393,1399,277,158,2491,24,979,2,40,66,47,217,Александар Вучић - Србија побеђује
Неготин,6,15,9498,17647,1267,114,17644,22424,40071,40125,17201,43,604,27,563,954,770,87,65,3037,14,443,6,16,28,22,65,Александар Вучић - Србија побеђује
Нишка Бања,20,10,4273,7822,264,81,7795,4825,12647,12671,7549,31,317,13,302,794,256,60,32,961,10,246,0,6,53,22,44,Александар Вучић - Србија побеђује
Нова Варош,52,9,5311,10707,595,33,10700,3363,14070,14095,10484,45,956,12,316,930,884,53,11,946,287,216,4,1,11,9,19,Александар Вучић - Србија побеђује
Нова Црња,65,620,2421,6294,310,20,6294,2413,8710,8708,6055,44,240,4,138,480,428,24,21,1121,11,239,2,4,71,15,16,Александар Вучић - Србија побеђује
Нови Београд,31,169,41516,114691,5693,2706,114619,98923,213646,213658,111708,716,8240,480,17687,9568,11211,1150,1236,9859,119,2911,33,77,280,303,634,Александар Вучић - Србија побеђује
Нови Бечеј,6,838,5874,12955,1166,41,12900,7013,19968,19968,12488,29,286,18,572,1450,1104,48,68,847,17,412,1,9,38,40,36,Александар Вучић - Србија побеђује
Нови Кнежевац,9,1166,2789,6019,191,16,6019,3378,9397,9399,5847,6,152,1,175,256,608,16,24,381,5,172,1,8,9,15,19,Александар Вучић - Србија побеђује
Нови Пазар,10797,28,19887,47347,808,25,47345,36801,84148,84154,46500,7,437,2,300,901,196,33,15,848,12194,845,4,5,6,1,6,Александар Вучић - Србија побеђује
Нови Сад,205,2685,75401,178450,11198,3028,178304,145663,324118,324432,174194,734,6727,355,20332,18729,13830,1279,2416,14588,426,4110,45,249,490,605,872,Александар Вучић - Србија побеђује
Ново Брдо,0,0,571,702,2,0,702,343,1045,945,688,0,0,0,0,23,1,0,0,88,1,14,0,0,2,0,0,Александар Вучић - Србија побеђује
Обилић,0,0,572,941,59,0,941,2353,3294,3292,929,0,47,0,0,89,8,5,0,145,1,12,0,0,2,1,0,Александар Вучић - Србија побеђује
Обреновац,51,27,19016,37398,1568,258,37372,29183,66575,66556,36285,125,1755,76,1849,3394,2758,303,222,4223,44,1087,11,30,301,125,149,Александар Вучић - Србија побеђује
Опово,4,12,2901,5284,336,20,5272,2799,8083,8083,5114,22,187,13,160,526,294,40,66,452,8,158,1,5,33,17,17,Александар Вучић - Србија побеђује
Ораховац,0,0,245,391,4,0,391,378,769,769,378,0,7,0,1,67,1,14,0,38,0,13,0,0,0,1,0,Александар Вучић - Србија побеђује
Осечина,6,7,2946,6003,202,10,6003,4490,10493,10495,5729,38,418,6,144,549,294,46,13,1000,9,274,7,2,7,13,12,Александар Вучић - Србија побеђује
Оџаци,9,283,8546,15647,764,98,15643,10587,26235,26248,15297,39,562,24,472,1892,711,81,65,1524,12,346,10,6,26,30,143,Александар Вучић - Србија побеђује
Палилула,78,153,52997,116289,5822,1728,115635,119615,237413,236895,112886,543,7149,383,11221,10570,8041,1106,907,10383,184,2749,30,128,477,340,646,Александар Вучић - Србија побеђује
Пантелеј,60,9,10565,21703,950,387,21696,19668,41371,41399,21107,75,1606,51,1894,1812,794,214,149,2072,32,589,7,10,223,74,123,Александар Вучић - Србија побеђује
Панчево,27,573,29191,60269,3939,622,60159,51773,112042,112207,58362,312,2845,117,5172,5406,3171,499,457,5088,68,1797,21,35,333,179,307,Александар Вучић - Србија побеђује
Параћин,29,47,18508,30636,992,163,30617,19400,50036,50022,29692,110,1154,24,1146,2196,1689,173,97,2867,106,925,13,15,69,177,117,Александар Вучић - Србија побеђује
Петровац на Млави,2,14,8836,18082,460,44,18080,14768,32851,32850,17591,23,427,15,230,602,856,62,40,5820,6,489,7,8,30,72,37,Александар Вучић - Србија побеђује
Пећ,0,0,788,1285,4,1,1285,2478,3763,3743,1269,0,23,0,1,63,88,0,0,300,0,16,0,1,0,0,0,Александар Вучић - Србија побеђује
Пећинци,5,21,7160,10797,226,32,10793,5280,16077,16078,10556,18,366,17,223,1064,645,42,49,598,6,237,2,1,28,27,26,Александар Вучић - Србија побеђује
Пирот,20,43,17917,29496,1439,238,29474,19671,49151,49156,28711,73,885,57,1306,1915,921,145,111,3234,33,763,4,62,82,107,119,Александар Вучић - Србија побеђује
Пландиште,12,138,3267,5988,449,19,5979,3456,9444,9447,5772,28,149,8,212,441,345,20,40,562,7,207,3,2,20,23,27,Александар Вучић - Србија побеђује
Пожаревац,63,28,16084,32795,1424,779,32790,26789,59583,59588,32026,166,1433,55,1535,2100,1920,224,166,5485,43,764,7,34,268,62,150,Александар Вучић - Србија побеђује
Пожега,11,18,7539,14428,566,89,14426,10404,24832,24841,13887,13,1027,24,601,1251,782,77,49,1718,13,539,7,10,21,30,41,Александар Вучић - Србија побеђује
Прешево,36,20,1244,12643,127,6,12626,24061,37692,37704,11350,4,70,4,15,236,159,14,10,316,1836,1276,7228,6,6,5,8,Партија за демократско деловање - Ардита Синани / Partia për Veprim Demokratik - Ardita Sinani
Прибој,1007,19,7395,14580,798,21,14565,13630,28215,28218,14220,125,825,8,409,974,443,48,28,1374,657,345,6,4,35,11,33,Александар Вучић - Србија побеђује
Пријепоље,1543,15,9454,19891,891,28,19863,14325,34216,34218,19501,8,1031,7,215,1296,345,53,8,1265,3291,362,7,2,15,8,19,Александар Вучић - Србија побеђује
Приштина,0,0,2665,3714,10,4,3714,7960,11674,11674,3662,2,121,0,6,432,12,21,1,384,1,52,0,0,1,1,1,Александар Вучић - Србија побеђује
Прокупље,133,32,12717,22904,1398,98,22904,15893,38797,38804,22422,133,1211,30,583,1662,1366,165,57,2349,47,482,10,40,154,152,85,Александар Вучић - Србија побеђује
Ражањ,17,3,2519,4378,129,24,4377,2568,6985,7060,4225,9,167,11,80,358,173,18,8,666,9,152,3,1,9,2,19,Александар Вучић - Србија побеђује
Раковица,6,69,23650,53192,2356,919,53140,50882,104074,104049,51864,270,3589,193,5715,4768,3611,661,490,4864,70,1276,7,57,111,136,322,Александар Вучић - Србија побеђује
Рача,3,25,2830,6999,1719,13,6998,2974,9974,9975,6779,12,270,7,113,377,422,27,15,804,15,219,0,1,103,10,13,Александар Вучић - Србија побеђује
Рашка,3,5,7727,14828,231,38,14806,5755,20583,20586,14512,21,836,8,260,951,479,38,16,3758,32,294,0,2,41,36,30,Александар Вучић - Србија побеђује
Рековац,1,12,2933,7006,448,11,6999,2678,9687,9706,6709,12,305,3,82,382,389,16,10,1982,24,290,3,2,13,62,19,Александар Вучић - Србија побеђује
Рума,18,126,14668,27093,1312,197,27080,20014,47107,47188,26432,60,902,32,1651,2696,1627,136,334,2233,44,648,15,12,160,125,84,Александар Вучић - Србија побеђује
Савски Венац,7,35,6616,21088,1188,509,21083,21189,42291,42293,20623,133,1422,76,3657,1718,2714,249,237,1800,32,460,4,35,35,59,97,Александар Вучић - Србија побеђује
Свилајнац,5,20,8991,14457,1149,48,14448,10791,25253,25263,13954,36,686,47,279,695,483,93,41,1287,7,494,6,7,22,7,45,Александар Вучић - Србија побеђује
Сврљиг,7,18,4897,7391,186,29,7390,4481,11872,11868,7184,19,181,17,126,555,241,46,27,754,8,206,7,1,40,6,19,Александар Вучић - Србија побеђује
Севојно,2,2,1929,3459,105,19,3454,2472,5931,5932,3357,8,192,6,214,298,141,34,32,338,3,97,1,1,11,7,14,Александар Вучић - Србија побеђује
Сента,13,3317,1784,8693,554,21,8692,12535,21218,21254,8353,17,193,22,279,194,1546,33,74,216,13,339,9,13,13,24,18,Vajdasági Magyar Szövetség – Pásztor István / Савез војвођанских Мађара – Иштван Пастор
Сечањ,3,160,3604,7285,397,22,7283,4041,11326,11352,7045,9,186,6,294,717,354,44,28,939,37,238,1,1,31,14,198,Александар Вучић - Србија побеђује
Сјеница,5089,31,3943,15137,189,3,15136,11415,26548,26520,14942,0,128,3,25,393,64,16,5,1504,3540,194,2,1,3,3,0,SDA Sandžaka – Dr. Sulejman Ugljanin / СДА Санџака – Др Сулејман Угљанин
Смедерево,81,51,28369,49869,1806,268,49834,49005,98882,99046,48512,184,2567,81,2670,3573,2225,429,203,5050,67,1322,12,212,281,113,270,Александар Вучић - Србија побеђује
Смедеревска Паланка,9,23,13111,25118,712,102,25107,18081,43161,43221,24344,60,1160,25,831,1430,3321,134,83,2897,36,763,9,2,50,93,256,Александар Вучић - Србија побеђује
Сокобања,5,15,4843,8916,218,40,8913,5714,14622,14632,8684,16,337,14,259,551,1107,48,28,1040,9,229,0,4,101,16,33,Александар Вучић - Србија побеђује
Сомбор,41,2209,18651,42542,2319,313,42517,34079,76623,76591,41371,150,1354,63,2671,3878,2888,309,324,3634,81,1146,15,213,107,255,1896,Александар Вучић - Србија побеђује
Сопот,5,5,5637,9586,381,35,9580,8190,17776,17771,9238,32,335,13,281,975,322,88,45,966,12,342,2,7,17,24,56,Александар Вучић - Србија побеђује
Србобран,19,595,3447,8347,590,50,8340,5641,13988,13994,8026,49,326,8,210,739,560,50,63,1202,9,314,3,5,34,44,23,Александар Вучић - Србија побеђује
Сремска Митровица,36,187,22373,43429,2576,375,43387,26877,70306,70324,42142,153,2350,60,1847,4006,3207,304,378,3740,65,1245,23,17,134,178,133,Александар Вучић - Србија побеђује
Сремски Карловци,4,34,2484,4917,306,44,4910,3535,8447,8449,4782,22,302,3,359,503,299,22,60,293,1,128,0,2,16,12,16,Александар Вучић - Србија побеђује
Стара Пазова,22,79,17504,32154,1556,211,32144,23611,55765,55789,31258,142,1127,50,1740,3452,1529,235,623,2546,25,886,4,14,125,79,195,Александар Вучић - Србија побеђује
Стари Град,8,52,7519,28558,1893,754,28551,28606,57164,57187,27860,172,2163,87,5209,2057,4768,255,365,2128,22,691,10,65,66,78,189,Александар Вучић - Србија побеђује
Суботица,50,10668,26426,63449,5028,378,63418,67716,131165,131230,61381,382,1263,104,3772,3161,5385,237,577,3104,173,2037,23,123,219,109,199,Александар Вучић - Србија побеђује
Сурдулица,5,4,5673,13457,179,29,13455,4287,17734,17736,13212,18,226,14,163,626,251,29,11,5936,3,243,1,2,26,7,9,"Ивица Дачић – Социјалистичка партија Србије (СПС), Јединствена Србија (ЈС) – Драган Марковић Палма"
Сурчин,7,31,13046,23094,604,164,23083,14999,38093,38095,22386,78,1150,51,926,2771,1550,196,130,1470,12,697,2,22,44,35,97,Александар Вучић - Србија побеђује
Темерин,12,2109,6687,14883,640,156,14875,9899,24782,24785,14475,59,542,17,592,1674,501,93,74,1061,26,400,5,6,79,32,110,Александар Вучић - Србија побеђује
Тител,23,149,5022,9354,449,29,9351,3671,13028,13036,9061,16,191,4,288,1037,453,24,35,1220,11,290,2,3,26,66,13,Александар Вучић - Србија побеђује
Топола,10,12,6744,11367,489,32,11356,7465,18824,18857,10959,35,545,19,283,937,379,75,42,1197,16,397,8,4,19,30,83,Александар Вучић - Србија побеђује
Трговиште,0,1,3023,3836,36,21,3836,852,4688,4688,3796,1,39,0,4,154,94,8,1,407,1,40,0,0,2,1,3,Александар Вучић - Србија побеђује
Трстеник,20,24,13051,23542,1710,147,23542,14004,37550,37511,22566,76,1041,41,640,1956,670,288,143,2278,63,976,22,20,79,177,120,Александар Вучић - Србија побеђује
Тутин,8187,4,3235,16056,188,9,16054,14108,30164,30133,15812,1,54,0,11,49,205,8,1,134,3718,242,0,0,3,2,3,SDA Sandžaka – Dr. Sulejman Ugljanin / СДА Санџака – Др Сулејман Угљанин
Ћићевац,6,17,3277,6212,580,27,6212,1760,7973,7973,5979,15,220,12,139,558,197,35,41,763,11,233,8,8,15,17,33,Александар Вучић - Србија побеђује
Ћуприја,7,32,10353,16000,593,234,15994,14081,30079,30077,15597,32,648,24,574,973,499,116,116,1212,30,397,10,5,46,32,61,Александар Вучић - Србија побеђује
Уб,7,17,8220,14113,397,47,14087,9763,23876,23933,13656,98,944,18,288,1061,711,73,37,1631,16,431,8,6,21,15,41,Александар Вучић - Србија побеђује
Ужице,20,48,17735,35461,1578,235,35449,26611,62072,62079,34457,122,2377,64,2863,2996,1930,289,364,3444,50,992,14,18,144,50,116,Александар Вучић - Србија побеђује
Црвени Крст,25,21,9670,16956,591,207,16938,14275,31232,31212,16450,53,733,19,754,1707,512,119,58,1655,29,488,5,16,162,40,74,Александар Вучић - Србија побеђује
Црна Трава,0,0,819,1031,22,2,1031,436,1467,1467,1010,0,17,1,7,52,4,2,3,78,0,21,0,0,1,0,2,Александар Вучић - Србија побеђује
Чајетина,4,9,5213,9977,368,33,9974,2890,12866,12860,9712,22,1402,5,288,995,289,68,26,920,10,262,4,3,14,10,29,Александар Вучић - Србија побеђује
Чачак,61,59,28028,56598,1900,380,56557,43302,99901,99893,54692,159,8618,92,2839,4312,2085,281,250,4814,68,1865,13,17,360,112,244,Александар Вучић - Србија побеђује
Чока,9,1550,2227,5512,250,16,5510,4236,9747,9755,5298,6,126,4,76,276,433,16,13,222,11,212,2,2,22,28,9,Александар Вучић - Србија побеђује
Чукарица,18,82,37972,88293,4009,1394,88170,82881,171176,170723,86090,511,6530,367,10080,8359,6417,994,697,7456,78,2080,19,81,220,239,567,Александар Вучић - Србија побеђује
Шабац,32,163,33836,64447,3071,433,64420,39538,103985,103957,61906,137,2990,92,2665,5863,5541,550,339,5169,120,2514,21,36,429,95,324,Александар Вучић - Србија побеђује
Шид,28,51,9185,17331,1405,95,17316,13420,30751,30768,16761,57,500,36,513,2156,899,90,46,1540,21,555,6,6,52,35,40,Александар Вучић - Србија побеђује
Штрпце,0,1,5280,6210,31,0,6210,990,7200,7200,6145,1,79,2,3,500,66,46,0,128,0,65,1,0,3,2,2,Александар Вучић - Србија побеђује
