,BM,BOSS - BOSANSKA STRANKA-MIRNES AJANOVIĆ,BPS-SEFER HALILOVIĆ,DEMOKRATSKA FRONTA-ŽELJKO KOMŠIĆ,HDZ 1990 HRVATSKA DEMOKRATSKA ZAJEDNICA,"HDZ BIH, HSS, HKDU BIH, HSP DR.ANTE STARČEVIĆ, HSP HERCEG-BOSNE",KOMUNISTIČKA PARTIJA,NARODNA STRANKA RADOM ZA BOLJITAK,NOVI POKRET BIH,SAVEZ NEZAVISNIH SOCIJALDEMOKRATA - SNSD - MILORAD DODIK,SBB - FAHRUDIN RADONČIĆ,SDA - STRANKA DEMOKRATSKE AKCIJE,SDP-SOCIJALDEMOKRATSKA PARTIJA BIH,SNAGA BIH - HSP BIH-DSI,STRANKA DIJASPORE BOSNE I HERCEGOVINE,STRANKA ZA BOSNU I HERCEGOVINU,UNIJA SOCIJALDEMOKRATA-UNIJA ZA SVE NAS,ZAJEDNO ZA PROMJENE (SPP-SDU-DNZ),Ukupno
,017A000,0,0,0,0,0,0,0,0,0,0,0,0,0,0,0,0,0,0
,017A001,0,0,2,133,62,0,1,0,0,0,0,0,0,0,0,0,1,199
,017A002,1,2,47,20,3,0,2,0,0,82,149,35,0,1,16,0,0,358
,017A003,1,5,64,7,4,1,8,0,0,51,160,30,1,1,11,1,1,346
,017A004,2,3,47,49,33,1,14,0,0,50,55,51,2,0,1,0,4,312
,017A005,1,0,4,92,90,0,2,0,0,0,2,1,1,0,0,0,4,197
,017A006,0,0,10,64,182,0,26,0,0,3,1,3,4,0,2,0,2,297
,017A007,0,0,5,105,59,0,1,0,0,0,0,0,0,1,0,0,1,172
,017A008,0,0,7,52,110,0,4,0,0,1,0,0,13,0,0,0,2,189
,017A009,0,0,5,46,185,1,2,0,0,0,0,0,10,0,0,1,3,253
,017A010,4,7,72,0,0,1,3,2,0,59,203,35,0,0,43,0,1,430
,017A011,2,4,77,7,9,0,3,2,0,63,85,54,0,0,16,0,3,325
,017A012,5,16,56,3,21,0,1,1,0,85,171,39,1,1,11,0,4,415
,017A013,1,6,63,9,17,1,0,1,0,45,91,30,3,0,14,1,1,283
,017A014,0,0,6,47,81,0,3,0,0,0,0,1,4,0,0,0,3,145
,017A015,0,0,10,140,85,0,7,1,3,1,3,1,13,0,2,1,5,272
,017A016,0,0,1,60,70,0,4,0,0,0,0,0,0,0,0,0,0,135
,017A017,1,0,1,78,94,0,2,0,0,1,0,1,1,0,0,0,0,179
,017A018,0,0,5,142,39,0,5,0,0,1,0,1,1,0,0,0,2,196
,017A019,1,5,34,81,136,0,3,2,0,20,26,15,2,0,5,3,4,337
,017A020,1,0,1,143,76,0,0,0,0,0,0,1,1,0,0,0,3,226
,017A021,0,0,2,23,25,1,4,0,4,7,2,8,8,0,0,0,4,88
,017A022,9,2,54,9,17,0,2,0,0,54,73,33,2,0,2,0,2,259
,020A000,0,0,0,0,0,0,0,0,0,0,0,0,0,0,0,0,0,0
,020A001,1,0,2,82,100,0,5,0,0,0,1,5,3,0,0,0,3,202
,020A002,0,0,0,91,125,1,5,0,0,2,0,4,6,0,0,0,3,237
,020A003,0,0,5,107,123,1,3,0,0,0,1,11,2,0,0,0,1,254
,020A004,1,0,2,47,143,0,1,0,0,0,1,1,1,0,0,1,2,200
,020A005,4,0,1,74,46,0,1,0,1,0,0,2,2,0,1,0,0,132
,020A006,0,0,1,93,85,0,0,0,0,2,0,2,2,0,0,0,4,189
,020A007,0,0,0,84,60,0,1,0,0,0,1,2,0,0,0,0,0,148
,022A000,0,0,0,0,0,0,0,0,0,0,0,0,0,0,0,0,0,0
,022A001,0,3,44,40,48,3,1,0,0,49,124,23,0,0,1,3,3,342
,022A002,1,4,40,32,62,3,3,1,0,63,143,40,0,1,5,0,3,401
,022A003A,1,1,2,67,135,0,3,0,0,0,1,1,4,0,0,0,6,221
,022A003B,1,0,3,60,141,0,2,1,0,6,4,0,7,0,0,0,4,229
,022A004,0,0,4,128,115,0,0,0,0,1,0,3,0,0,0,0,3,254
,022A005,0,1,1,67,172,1,1,0,0,2,0,4,4,0,0,0,10,263
,022A006,0,0,3,267,108,1,2,0,0,0,1,2,2,0,0,0,4,390
,022A007,1,0,3,240,94,1,5,0,0,0,2,2,2,0,0,1,4,355
,022A008A,1,0,5,49,256,0,1,0,0,1,1,1,1,0,0,0,2,318
,022A008B,1,0,4,68,170,0,4,0,1,1,0,1,1,0,0,0,0,251
,022A009,3,0,2,75,154,0,4,0,0,0,0,0,4,0,0,0,4,246
,022A010,1,1,2,74,141,0,0,0,0,1,1,1,0,0,0,0,1,223
,022A011,0,0,1,79,257,0,0,0,0,0,0,0,9,0,0,1,0,347
,022A012,0,0,1,73,139,0,1,0,0,0,0,0,1,0,0,0,2,217
,022A013,2,0,4,28,157,2,1,0,1,2,1,6,12,0,1,2,0,219
,022A014,1,0,2,25,139,0,1,2,0,0,0,0,13,0,1,1,6,191
,022A015,10,6,28,48,72,0,7,2,0,50,119,27,1,0,3,0,2,375
,022A016,0,1,1,82,176,1,5,0,0,1,0,1,2,1,1,0,3,275
,022A017,2,0,3,48,141,0,2,0,1,0,0,3,1,1,1,0,4,207
,022A018,1,2,3,75,119,0,3,0,0,1,3,0,2,0,1,0,5,215
,022A019,4,0,4,169,111,0,5,0,0,0,0,2,1,0,0,0,2,298
,022A020,0,0,2,40,159,0,1,0,0,0,0,1,10,0,0,2,3,218
,022A021,4,6,27,35,63,1,7,0,0,58,135,29,1,1,6,0,9,382
,022A022,3,1,3,72,201,0,4,0,0,1,0,0,4,0,0,1,0,290
,022A023,0,0,2,69,241,1,3,0,0,1,0,4,1,1,0,0,6,329
,025A000,0,0,0,0,0,0,0,0,0,0,0,0,0,0,0,0,0,0
,025A001,1,20,57,0,0,0,0,0,0,59,159,80,0,0,96,0,0,472
,025A002,3,20,62,0,0,0,3,0,0,111,118,111,0,0,22,1,3,454
,025A003A,0,10,21,0,0,0,7,0,0,93,100,24,0,0,13,0,0,268
,025A003B,6,13,46,0,0,0,3,0,0,92,171,16,0,0,2,0,0,349
,025A004,6,16,53,0,0,3,4,0,0,80,133,99,1,0,75,0,0,470
,025A005A,0,9,27,0,0,0,4,0,0,98,86,53,0,0,51,0,2,330
,025A005B,0,6,12,0,0,0,5,0,0,91,90,74,0,2,54,0,11,345
,025A006A,2,14,61,0,1,0,0,0,0,116,124,79,1,0,76,0,0,474
,025A006B,2,4,16,0,1,1,0,0,0,40,87,43,0,0,35,0,1,230
,025A007A,0,3,35,1,0,0,0,0,0,11,147,128,0,0,90,0,0,415
,025A007B,0,5,34,0,0,0,5,0,0,9,119,110,0,0,45,1,1,329
,025A008A,1,17,53,0,0,0,19,0,0,26,120,85,0,0,116,4,3,444
,025A008B,1,8,22,0,0,0,0,0,0,8,28,76,0,0,25,0,1,169
,025A009A,3,8,21,0,0,0,4,0,0,20,101,78,0,0,20,0,3,258
,025A009B,0,13,23,0,0,0,4,0,0,16,215,42,0,0,18,0,2,333
,025A010,2,9,62,0,0,1,3,0,0,30,128,73,0,0,22,0,3,333
,025A011,1,21,42,0,6,0,10,0,0,37,83,160,0,0,17,0,1,378
,025A012,5,20,49,0,10,0,10,0,0,35,67,159,0,1,30,2,3,391
,025A013A,3,12,48,1,6,0,3,0,0,41,202,93,0,0,21,1,3,434
,025A013B,3,7,20,1,9,0,2,0,0,21,69,47,0,0,1,0,0,180
,025A013C,6,27,57,4,21,0,1,1,2,35,104,37,1,1,20,0,4,321
,025A013D,4,5,29,1,10,1,2,0,0,21,59,24,0,1,12,0,0,169
,025A014,10,5,51,0,20,0,1,0,0,15,100,53,0,0,12,2,2,271
,025A015,3,13,115,0,0,1,6,0,0,27,160,60,1,0,33,1,0,420
,025A016,4,18,83,0,9,0,3,0,0,56,84,59,0,1,41,0,4,362
,025A017,5,22,69,0,1,1,10,0,0,45,94,61,0,0,11,2,1,322
,025A018,7,9,71,3,3,3,5,0,1,50,80,41,0,0,15,2,8,298
,025A019,2,17,67,2,0,1,7,1,1,82,92,86,0,0,9,0,0,367
,025A020,1,25,59,3,8,0,1,0,0,65,83,78,1,0,15,0,2,341
,025A021,2,15,60,0,0,0,4,0,0,35,125,120,0,0,10,0,1,372
,025A022,8,4,54,1,0,0,10,0,0,94,62,128,0,0,5,0,0,366
,025A023,0,16,46,0,0,0,11,0,0,25,109,37,0,1,29,0,1,275
,025A024,2,12,64,0,0,0,9,0,1,20,39,31,0,0,13,1,1,193
,025A025,0,2,0,0,236,0,7,0,0,1,10,1,0,0,2,0,24,283
,025A026,3,22,20,5,1,1,0,0,0,15,157,127,0,0,15,1,4,371
,025A027,2,6,24,0,0,1,8,0,0,34,118,44,0,0,14,0,2,253
,025A028,2,11,51,0,1,0,3,0,0,31,63,49,0,0,12,0,3,226
,025A029,7,7,93,0,1,0,3,0,0,71,86,65,0,0,26,0,3,362
,025A030,9,18,95,1,11,1,0,1,1,63,69,92,0,0,17,1,3,382
,025A031,3,9,97,2,7,0,6,0,0,63,270,161,1,1,27,0,0,647
,025A032,3,18,76,0,2,1,2,0,0,82,113,79,0,0,13,2,2,393
,025A033,5,30,57,0,11,1,4,3,0,37,89,156,0,0,24,2,1,420
,025A034,2,10,55,0,4,0,2,0,0,29,125,83,1,0,44,1,0,356
,025A035,1,11,60,0,1,2,4,0,0,36,56,44,0,0,12,1,1,229
,025A036,0,16,59,0,0,0,0,0,0,69,42,53,0,2,6,1,1,249
,025A037,8,12,93,1,18,0,3,0,1,62,57,79,0,0,32,0,1,367
,025A038,1,23,60,1,0,0,0,0,0,51,187,88,0,0,14,0,3,428
,025A039,1,0,30,7,417,0,0,0,0,0,1,0,0,0,0,0,3,459
,025A040,2,14,11,0,0,0,3,0,2,17,81,31,0,1,1,0,1,164
,025A041,1,3,23,3,51,0,3,0,1,12,34,89,0,0,5,0,12,237
,025A042,0,5,3,0,0,0,0,0,0,14,93,19,0,0,12,0,0,146
,025A043,0,9,39,0,0,0,2,0,0,51,86,141,1,0,8,2,2,341
,025A044,6,20,63,0,3,0,8,0,0,31,57,63,0,0,16,0,2,269
,036A000,0,0,0,0,0,0,0,0,0,0,0,0,0,0,0,0,0,0
,036A001A,8,11,44,0,0,0,0,0,0,57,249,114,0,0,38,0,1,522
,036A001B,2,8,24,0,0,0,0,0,0,35,72,53,0,0,12,0,4,210
,036A001C,6,18,53,0,1,0,3,1,0,49,228,96,0,1,22,1,3,482
,036A001D,4,18,112,0,0,0,1,5,1,59,221,167,1,1,61,0,3,654
,036A001E,3,2,28,0,0,0,0,0,0,33,82,64,0,0,24,0,0,236
,036A001F,2,14,23,0,0,2,2,0,0,40,137,69,0,0,29,0,0,318
,036A002,1,21,25,0,0,1,3,2,0,43,259,40,2,1,73,1,3,475
,036A003A,0,11,29,0,1,0,0,0,0,51,168,35,0,0,10,3,0,308
,036A003B,5,21,86,1,0,0,7,1,0,77,207,79,0,0,22,1,3,510
,036A003C,0,13,23,1,0,0,0,0,0,20,97,81,0,0,18,3,1,257
,036A004A,7,13,50,0,0,0,4,0,0,65,151,180,0,2,33,2,3,510
,036A004B,3,8,27,0,0,0,1,1,1,83,172,106,0,0,33,2,1,438
,036A005A,1,4,18,0,0,0,1,0,0,39,109,80,0,0,11,0,3,266
,036A005B,1,4,23,0,1,0,2,0,0,38,117,71,0,0,6,1,1,265
,044A000,0,0,0,0,0,0,0,0,0,0,0,0,0,0,0,0,0,0
,044A001,8,19,48,1,0,2,0,1,0,27,193,75,0,2,6,3,8,393
,044A002,12,41,57,0,0,3,6,0,0,27,163,86,0,0,4,8,15,422
,044A003,0,8,17,0,0,0,0,0,0,4,41,47,0,0,1,0,1,119
,044A004,3,12,52,0,0,0,2,0,0,65,141,34,0,1,6,4,6,326
,044A005,11,13,33,1,0,0,0,0,0,41,62,24,0,1,6,3,4,199
,044A006,12,15,43,0,1,0,2,0,0,18,100,24,0,0,6,4,4,229
,044A007,2,38,16,0,0,0,2,0,0,8,77,70,0,0,9,2,1,225
,044A008,13,16,125,0,0,1,3,0,0,98,62,63,0,2,15,14,7,419
,044A009,4,12,99,1,0,2,1,1,0,70,53,89,0,2,9,20,12,375
,044A010,2,7,93,0,0,1,18,0,0,70,96,68,0,5,6,9,5,380
,044A011,7,16,75,0,0,0,2,0,0,55,86,87,1,1,6,10,3,349
,044A012,5,22,95,0,0,0,6,1,0,70,58,100,0,1,5,4,4,371
,044A013,5,26,90,0,0,3,5,1,0,80,88,58,0,8,19,7,5,395
,044A014,7,12,66,0,0,1,0,1,0,36,82,51,0,1,5,7,1,270
,044A015,5,30,70,0,0,0,2,0,1,39,68,51,1,0,9,5,10,291
,044A016,5,39,86,0,1,0,5,0,0,75,45,86,0,0,12,12,4,370
,044A017,3,21,106,2,0,2,1,1,0,92,67,80,0,0,23,19,11,428
,044A018,4,22,134,0,0,2,5,0,1,67,93,98,0,3,5,5,6,445
,044A019,10,16,35,1,0,2,4,0,0,43,52,154,0,0,1,4,8,330
,044A020,3,17,70,0,0,0,12,0,0,59,41,48,0,1,5,23,4,283
,044A021,8,19,72,0,0,5,3,0,1,55,72,74,2,5,8,13,3,340
,044A022,4,14,50,0,0,0,0,0,0,24,68,30,0,3,7,8,8,216
,044A023,9,140,25,0,0,0,0,0,0,34,152,37,1,0,4,1,9,412
,044A024,2,44,81,1,0,1,0,0,0,40,199,109,0,0,7,0,5,489
,044A025,1,28,89,0,0,0,2,0,1,35,121,139,2,0,10,0,1,429
,044A026,5,8,49,0,1,0,0,0,0,9,138,288,0,0,12,4,4,518
,044A027,7,16,47,0,0,0,0,0,0,13,160,229,0,0,5,1,4,482
,044A028,22,9,52,0,0,0,2,1,0,41,125,284,0,0,6,1,9,552
,044A029A,9,16,212,0,0,1,3,0,0,31,98,74,1,0,22,1,4,472
,044A029B,6,12,152,0,0,2,2,0,0,30,55,34,0,0,6,2,4,305
,044A030,5,8,38,0,0,0,0,0,0,13,26,29,0,0,8,2,0,129
,044A031,9,5,39,0,0,0,0,0,0,29,66,41,0,3,29,0,4,225
,044A032A,1,33,47,0,0,0,1,0,0,33,117,57,0,0,6,4,0,299
,044A032B,4,26,55,0,0,1,4,0,0,36,77,63,0,1,1,4,1,273
,044A033,3,24,88,0,0,1,2,0,0,56,100,36,0,2,11,5,5,333
,044A034,3,15,84,1,0,0,1,0,0,78,70,57,0,2,8,2,3,324
,044A035,5,39,80,0,0,0,2,1,0,41,79,41,0,3,4,0,9,304
,044A036,3,20,78,0,0,0,1,0,0,19,86,153,0,1,10,3,8,382
,044A037,7,15,42,0,0,0,0,0,0,23,174,55,0,1,2,19,5,343
,044A038,2,9,53,1,0,0,1,0,0,34,71,76,0,0,6,51,5,309
,044A039A,8,22,77,0,0,0,0,0,0,79,47,50,0,3,35,11,10,342
,044A039B,3,14,69,0,0,0,4,0,0,57,59,32,0,1,52,8,17,316
,044A039C,3,13,51,0,0,1,0,0,0,46,25,36,0,1,10,4,5,195
,044A040,2,10,13,0,0,0,0,1,0,7,235,26,0,0,1,0,2,297
,044A041,6,4,38,0,0,2,0,0,0,21,158,158,0,1,4,4,0,396
,044A042,16,22,58,0,0,0,0,0,0,30,91,58,0,0,29,59,13,376
,044A043,4,23,33,0,0,1,3,0,0,32,88,56,0,0,7,80,17,344
,044A044,7,11,50,0,0,0,4,0,0,34,237,8,0,2,5,1,5,364
,044A045,8,18,73,0,1,1,0,0,0,48,276,29,0,8,4,2,17,485
,044A046,7,14,91,0,0,0,0,0,0,77,319,50,0,2,5,3,16,584
,044A047,3,17,26,0,0,0,0,0,0,22,103,115,1,1,10,18,10,326
,044A048,3,8,34,2,0,0,1,0,0,7,192,66,0,0,14,1,5,333
,044A049,5,47,79,0,0,1,2,1,0,40,168,55,0,2,5,22,10,437
,044A050,3,14,56,0,0,0,2,1,0,22,284,19,0,3,2,0,5,411
,044A051,2,12,0,0,0,1,0,0,0,32,163,82,0,0,7,7,13,319
,044A052,1,56,14,0,0,0,0,0,0,17,109,23,0,0,7,0,9,236
,044A053,2,2,11,0,0,0,0,0,0,8,19,17,0,0,1,0,2,62
,044A054,1,2,6,0,0,0,0,0,0,10,6,11,0,0,1,0,0,37
,044A055,7,18,100,0,0,3,2,1,1,69,53,68,1,1,8,8,6,346
,044A056,9,26,108,1,0,1,2,0,0,67,73,51,0,2,15,14,4,373
,044A057,2,16,71,2,0,2,1,1,0,48,62,70,0,6,22,10,5,318
,044A058,7,20,61,0,0,1,0,0,0,31,95,20,1,1,12,5,5,259
,047A000,0,0,0,0,0,0,0,0,0,0,0,0,0,0,0,0,0,0
,047A001A,0,2,37,13,38,3,2,0,0,20,17,18,0,0,3,1,1,155
,047A001B,1,4,34,31,86,3,5,0,0,37,5,22,3,0,1,1,3,236
,047A002,2,3,70,20,30,3,8,3,1,45,33,33,0,0,5,2,0,258
,047A003,0,19,101,1,1,6,4,1,6,104,57,66,1,0,12,2,4,385
,047A004,7,22,144,1,3,3,4,2,0,102,103,50,1,1,12,1,2,458
,047A005,4,22,97,1,2,4,6,0,0,95,65,47,0,1,15,1,3,363
,047A006,8,16,129,3,8,19,5,0,4,97,72,57,0,1,11,1,3,434
,047A007,3,24,83,5,1,3,5,0,0,74,88,58,1,0,11,0,2,358
,047A008,6,14,131,4,5,14,4,0,1,95,60,49,1,0,14,0,4,402
,047A009A,5,6,63,1,0,0,2,0,0,41,50,26,0,1,14,0,1,210
,047A009B,3,5,56,0,0,4,1,0,0,60,100,32,0,0,11,0,1,273
,047A010,5,12,89,0,0,2,7,1,0,128,110,33,1,1,22,2,4,417
,047A011,3,16,95,0,3,2,3,0,0,71,105,42,0,0,16,1,4,361
,047A012,6,11,39,1,0,4,2,1,0,39,40,15,0,1,3,0,2,164
,047A013,11,13,83,0,0,1,3,0,1,67,208,56,0,4,5,1,0,453
,047A014,11,29,82,0,1,1,4,0,1,128,194,59,1,7,8,4,12,542
,047A015,6,11,39,1,1,1,6,0,0,41,179,30,0,0,3,0,5,323
,047A016A,1,2,47,0,0,2,7,0,0,127,124,32,0,0,7,0,4,353
,047A016B,3,13,55,0,0,6,12,1,0,141,89,25,1,0,22,1,1,370
,047A016C,1,12,38,0,0,3,2,0,0,112,119,20,4,1,12,0,2,326
,047A016D,3,3,0,0,0,0,6,0,0,75,88,25,0,0,5,0,1,206
,047A017,8,8,32,0,0,0,4,0,0,42,160,84,1,0,17,0,1,357
,047A018A,5,10,65,0,0,0,1,0,0,46,120,23,1,3,83,0,1,358
,047A018B,6,15,42,0,0,1,8,0,0,57,109,22,0,1,71,1,1,334
,047A018C,3,14,56,0,0,0,7,0,0,68,153,29,2,0,86,0,3,421
,047A018D,1,10,25,0,0,1,0,0,0,22,48,12,0,1,24,0,3,147
,047A019A,6,9,62,0,0,0,7,2,0,87,176,30,0,0,11,3,1,394
,047A019B,5,22,86,1,0,0,1,3,0,79,209,22,1,0,12,0,0,441
,047A019C,1,20,63,0,0,0,5,0,0,62,131,20,0,0,7,0,2,311
,047A020,9,12,94,0,0,2,1,0,2,88,92,15,0,3,29,3,1,351
,047A021,7,18,59,0,1,1,3,0,0,117,93,27,0,3,49,6,1,385
,047A022,19,15,98,0,0,2,4,0,0,112,121,32,1,1,23,2,0,430
,047A023A,12,9,72,0,0,3,9,0,0,108,201,27,6,0,3,2,4,456
,047A023B,7,18,48,0,0,8,2,0,0,46,195,22,2,1,2,0,1,352
,047A024A,4,23,106,0,1,1,3,1,0,117,115,31,2,0,28,0,2,434
,047A024B,1,9,79,0,0,5,3,0,0,27,103,16,0,0,28,0,1,272
,047A025,2,9,24,0,0,0,0,0,0,25,114,21,0,0,13,2,2,212
,047A026,10,25,74,0,1,1,6,0,0,102,118,39,0,0,2,1,1,380
,047A027A,8,52,71,0,1,1,0,1,0,58,189,28,0,0,38,1,1,449
,047A027B,9,85,89,1,0,3,6,1,0,57,236,33,1,0,19,5,1,546
,047A027C,0,6,12,0,0,0,0,0,0,10,42,9,0,0,4,0,0,83
,047A027D,3,22,56,0,0,0,1,1,0,44,122,22,1,0,5,0,2,279
,047A028,7,16,125,0,0,2,2,0,0,76,90,32,0,0,4,0,4,358
,047A029,1,24,34,0,0,0,12,0,0,30,101,13,2,0,10,0,0,227
,047A030,1,9,56,0,0,0,1,0,0,76,209,30,0,0,10,0,0,392
,047A031,1,22,83,0,0,2,11,0,1,126,139,54,0,1,20,0,3,463
,047A032,0,1,39,0,0,0,39,0,16,2,4,39,0,0,0,0,0,140
,047A033,1,31,20,0,0,0,2,0,0,35,144,30,0,0,3,1,0,267
,047A034,1,0,0,1,0,1,4,0,1,3,1,21,0,0,1,1,0,35
,047A035,0,0,1,0,0,0,9,0,41,2,3,17,0,0,6,0,1,80
,047A036,0,1,1,0,0,5,0,0,40,2,0,18,0,0,0,0,0,67
,047A037,4,28,113,3,5,3,1,0,1,88,98,53,0,0,19,6,3,425
,047A038,4,12,60,0,1,1,2,1,0,85,78,21,0,1,43,6,2,317
,047A039,10,10,68,0,0,0,3,0,0,63,143,69,3,2,41,6,3,421
,047A040,5,17,113,0,0,10,4,0,0,86,88,53,0,0,11,1,7,395
,047A041,5,11,108,3,6,5,2,0,0,74,65,53,3,1,12,11,4,363
,047A042,4,9,28,0,0,0,4,0,0,34,61,10,0,0,23,3,1,177
,047A043,1,26,40,0,0,0,8,0,0,86,254,13,2,1,23,0,5,459
,047A044A,3,14,28,0,0,0,2,0,0,31,120,42,0,0,22,0,2,264
,047A044B,0,25,41,0,0,1,0,0,0,48,118,52,2,0,7,0,0,294
,047A045,9,8,54,1,0,0,0,0,0,67,117,57,0,0,37,1,2,353
,047A046,5,15,82,0,0,8,7,0,0,63,50,28,1,0,16,2,0,277
,047A047,1,23,79,0,1,4,19,1,1,92,42,45,0,0,15,0,5,328
,049A000,0,0,0,0,0,0,0,0,0,0,0,0,0,0,0,0,0,0
,049A001,0,40,31,0,0,1,0,0,0,11,73,63,0,0,42,5,3,269
,049A002,0,14,2,1,0,0,0,0,0,14,72,43,0,0,3,0,1,150
,049A003A,2,11,64,0,0,1,0,0,0,47,98,45,0,1,8,2,3,282
,049A003B,4,16,39,1,0,0,3,0,0,37,86,48,0,0,13,2,4,253
,049A004,6,16,38,0,0,0,2,1,0,29,110,75,0,0,2,2,12,293
,049A005,8,10,41,8,15,3,2,0,0,74,137,43,1,1,2,2,6,353
,049A006,9,18,27,0,0,1,7,0,0,50,181,56,1,0,9,0,4,363
,049A007,1,12,70,0,0,0,0,0,0,19,164,90,0,0,14,0,4,374
,049A008A,4,39,81,1,3,0,0,0,0,41,119,78,1,0,14,8,3,392
,049A008B,0,29,63,0,1,1,1,0,1,39,65,50,0,2,11,3,5,271
,049A009,3,31,73,1,0,1,27,0,0,70,74,58,0,0,5,7,3,353
,049A010,1,4,20,0,0,0,3,0,0,17,87,55,0,0,4,1,2,194
,049A011,3,8,27,0,0,0,0,0,0,13,143,17,0,0,1,1,3,216
,049A012A,1,13,24,0,4,2,2,0,1,27,165,31,0,0,10,2,11,293
,049A012B,0,7,13,0,3,0,0,0,0,8,46,8,0,0,5,0,1,91
,049A013,4,10,62,0,0,1,0,0,0,64,164,45,0,0,13,5,5,373
,049A014,0,0,5,9,131,1,0,0,0,1,1,3,0,0,0,0,81,232
,049A015,4,21,53,1,0,2,2,0,0,19,86,148,1,0,7,7,2,353
,049A016,7,28,41,0,0,2,2,0,0,39,81,29,0,0,12,0,19,260
,049A017,1,7,33,0,0,0,0,0,0,11,115,15,0,0,4,0,8,194
,049A018A,4,82,59,0,0,1,11,0,0,70,123,41,1,0,22,3,3,420
,049A018B,1,60,24,0,0,0,5,0,0,19,80,13,0,0,5,0,2,209
,049A019,8,20,99,0,1,1,10,1,0,61,106,89,0,3,8,10,20,437
,049A020,8,20,57,0,0,1,6,1,1,54,116,83,0,0,2,1,12,362
,049A021,5,2,32,0,0,0,3,0,0,26,112,84,1,0,5,0,4,274
,049A022,4,21,75,0,1,3,5,0,0,51,73,69,0,1,7,4,10,324
,049A023,3,10,45,0,1,5,2,0,0,33,51,52,0,0,6,4,12,224
,049A024,0,19,73,1,1,2,4,0,0,63,66,95,0,0,17,6,8,355
,049A025,2,30,95,0,0,3,28,1,0,58,98,77,0,3,11,4,3,413
,049A026,0,3,15,0,0,0,12,0,0,8,96,22,0,0,22,1,2,181
,049A027,8,15,51,2,0,2,0,0,0,58,128,74,1,0,10,2,12,363
,049A028,7,38,50,0,0,0,6,0,0,48,92,87,0,1,20,3,1,353
,049A029,4,26,86,0,1,2,0,0,0,65,150,117,0,1,6,3,9,470
,049A030,6,8,40,0,0,0,0,0,0,35,132,110,0,0,11,0,1,343
,049A031,2,14,40,0,0,0,0,0,0,40,79,95,1,2,24,2,9,308
,049A032,1,4,30,0,0,0,5,0,0,14,113,6,0,0,6,0,4,183
,049A033,2,12,8,0,0,0,0,0,0,4,52,26,0,0,6,0,0,110
,049A034,1,2,13,0,0,0,2,0,0,17,41,15,0,0,0,1,4,96
,049A035,1,0,33,0,0,1,1,0,4,10,109,34,0,0,2,0,1,196
,049A036,3,9,17,0,0,0,1,0,0,15,92,66,0,0,4,1,4,212
,049A037,2,15,67,0,1,1,9,0,0,15,115,125,0,0,1,6,3,360
,049A038,1,0,18,0,0,1,0,0,0,9,65,28,0,0,2,0,1,125
,049A039,6,2,0,15,61,0,65,0,0,2,15,5,0,0,1,0,44,216
,049A040,6,1,36,1,0,0,1,0,0,9,54,28,0,0,4,0,4,144
,049A041,2,7,14,0,0,0,0,0,0,18,93,25,0,0,9,0,9,177
,049A042,2,11,39,0,0,0,1,0,0,30,92,19,0,1,3,1,0,199
,049A043,2,10,33,0,0,3,0,0,1,79,68,97,0,1,3,1,4,302
,049A044,0,5,42,0,0,2,1,0,0,49,138,49,0,0,7,2,0,295
,049A045,1,12,36,0,0,1,8,0,0,23,101,38,1,0,5,2,2,230
,049A046,6,21,32,1,0,1,0,0,0,29,64,16,0,0,61,0,1,232
,049A047,3,2,39,1,0,0,2,0,0,31,117,38,0,0,0,0,1,234
,049A048A,1,23,31,0,0,1,5,0,0,23,240,43,1,0,13,5,21,407
,049A048B,1,7,17,0,1,1,0,0,0,14,101,13,1,0,2,0,1,159
,049A049,6,25,68,0,0,1,5,0,1,72,85,56,0,1,10,2,7,339
,049A050A,1,18,22,0,0,0,6,2,0,18,80,55,0,0,25,2,1,230
,049A050B,5,27,21,0,0,1,7,0,0,17,57,58,0,1,22,0,0,216
,049A051,0,0,4,9,123,0,0,0,0,0,0,23,0,0,0,1,11,171
,049A052,0,5,17,0,3,0,0,0,2,10,68,10,0,0,3,1,10,129
,049A053,3,18,19,0,0,0,0,0,1,31,283,24,0,1,6,0,0,386
,049A054,2,15,94,1,5,3,3,0,0,36,95,45,0,1,7,2,13,322
,049A055,5,24,98,0,3,4,2,0,1,50,71,75,0,0,13,4,5,355
,049A056,1,3,18,0,1,0,0,1,0,35,66,22,0,0,7,0,5,159
,049A057,2,7,10,0,0,0,2,0,0,12,46,23,0,0,1,0,1,104
,049A058,1,0,5,0,0,0,0,0,0,29,72,11,0,0,0,2,0,120
,049A059,0,0,0,0,0,0,0,0,0,0,0,0,0,0,0,0,0,0
,049A060,5,6,15,0,0,0,3,0,1,25,34,15,0,0,0,6,4,114
,049A061,0,0,3,9,27,0,7,0,0,0,1,0,0,0,0,0,8,55
,049A062,3,15,63,0,1,0,1,1,1,47,46,71,0,0,7,7,9,272
,050A000,0,0,0,0,0,0,0,0,0,0,0,0,0,0,0,0,0,0
,050A001,18,12,97,5,4,14,30,0,0,97,45,40,0,0,6,6,0,374
,050A002,17,11,80,2,2,10,32,1,0,91,35,37,1,0,5,2,4,330
,050A003,16,20,91,2,5,2,9,0,0,69,41,35,0,1,0,4,1,296
,050A004,11,14,93,4,21,9,3,0,2,118,43,103,0,4,12,4,5,446
,050A005,9,11,111,5,4,7,8,1,2,107,41,62,0,2,6,2,2,380
,050A006,5,19,99,3,10,14,8,4,1,83,63,62,1,2,1,8,5,388
,050A007,12,17,115,3,11,6,13,0,0,93,60,47,0,0,12,3,1,393
,050A008,10,12,78,6,6,14,8,3,1,74,37,56,0,2,1,1,2,311
,050A009,8,5,31,2,1,4,3,0,0,40,27,25,0,0,9,5,0,160
,050A010,9,10,87,8,9,18,7,3,1,59,62,81,2,1,5,10,2,374
,050A011,7,14,70,11,10,13,5,0,0,86,49,66,1,1,4,1,2,340
,050A012,10,25,86,3,11,14,1,0,2,87,30,62,0,1,3,5,2,342
,050A013,7,12,80,1,10,11,4,5,2,75,52,59,1,3,5,0,4,331
,050A014,11,24,91,3,9,11,4,2,2,90,129,60,1,0,12,9,3,461
,050A015,11,15,62,4,1,17,6,1,2,83,54,41,2,0,1,17,3,320
,050A016,3,9,81,6,12,11,3,2,2,83,38,60,2,0,7,9,5,333
,050A017,2,9,43,3,2,14,6,0,1,55,31,57,0,1,1,7,1,233
,050A018,9,8,55,7,2,4,2,0,1,78,35,53,1,0,6,11,2,274
,050A019,0,1,14,18,44,0,14,0,0,18,3,52,0,0,7,5,0,176
,050A020,9,7,68,10,45,6,42,0,0,40,34,59,2,0,9,0,1,332
,050A021,1,5,26,16,76,3,4,0,2,28,2,18,0,1,0,1,2,185
,050A022,15,12,75,7,4,9,12,1,1,71,54,62,0,0,3,3,1,330
,050A023,19,7,80,0,2,7,13,0,0,88,42,51,0,0,5,9,2,325
,050A024,20,17,65,0,2,2,0,1,1,79,26,39,0,0,1,4,1,258
,050A025,2,4,28,15,100,1,25,0,0,19,8,36,2,0,0,3,2,245
,050A026,4,9,17,3,1,2,4,0,13,48,13,72,4,0,5,0,0,195
,050A027,8,1,17,9,60,0,0,0,4,16,19,18,0,2,0,4,2,160
,050A028,11,2,33,2,0,0,5,0,0,25,67,13,0,0,1,0,2,161
,050A029,14,16,47,0,1,2,16,0,0,87,51,30,1,0,3,1,1,270
,050A030,11,11,83,0,0,1,33,0,0,119,79,49,1,0,6,0,6,399
,050A031,1,2,7,12,40,0,3,0,0,0,6,15,0,0,0,1,0,87
,050A032,16,17,43,1,0,1,0,0,0,72,57,52,1,0,15,9,2,286
,050A033,13,18,43,0,0,3,1,0,0,105,51,34,0,0,14,10,1,293
,050A034,25,27,40,1,0,0,6,1,0,141,78,27,2,1,12,8,3,372
,050A035,1,0,10,8,27,0,2,0,0,2,0,9,2,0,1,0,5,67
,050A036,11,20,36,0,0,3,1,0,0,80,76,43,1,2,23,4,2,302
,050A037,9,15,66,10,7,0,17,2,0,109,56,22,1,0,7,2,1,324
,050A038,1,4,32,11,33,0,30,0,0,12,5,26,0,0,1,2,1,158
,050A039,4,3,38,20,98,3,3,0,0,32,16,21,0,0,2,0,2,242
,050A040,4,2,44,14,57,1,13,0,0,22,26,39,0,0,2,6,0,230
,050A041,3,3,42,10,47,5,7,1,0,46,41,46,0,0,1,0,1,253
,050A042,5,12,56,2,1,10,2,0,0,91,42,45,0,1,0,2,3,272
,050A043,19,9,75,3,0,10,4,1,0,100,50,57,1,0,5,4,4,342
,050A044,10,5,68,15,44,1,12,1,0,48,52,15,0,0,8,0,2,281
,050A045,12,9,60,7,25,3,10,0,1,69,76,33,0,0,8,4,1,318
,050A046,14,5,79,4,7,1,2,0,0,90,58,26,1,0,12,5,3,307
,050A047,14,5,60,1,0,6,3,0,1,63,63,33,0,0,3,5,1,258
,050A048,13,10,59,1,0,4,2,0,0,46,90,40,0,0,5,0,3,273
,050A049,6,9,43,19,37,2,1,0,0,61,26,45,2,0,4,5,2,262
,050A050,7,17,37,0,0,1,2,0,0,82,17,66,0,0,0,1,1,231
,050A051,4,12,47,20,38,1,2,0,0,50,32,57,0,0,1,1,5,270
,050A052,9,5,50,15,35,1,6,0,1,65,71,65,0,0,0,0,1,324
,050A053,2,0,22,18,64,1,10,0,0,16,0,27,2,0,0,4,2,168
,050A054,3,4,26,20,263,4,1,0,0,8,0,62,1,0,0,1,0,393
,050A055,2,2,20,16,78,0,2,0,2,5,1,26,0,0,0,0,0,154
,050A056,19,5,55,2,0,3,10,0,0,165,102,22,0,0,1,0,2,386
,050A057,1,11,25,21,88,0,4,0,0,21,47,21,2,0,0,1,1,243
,050A058,1,1,22,15,86,0,7,0,0,29,15,28,3,0,0,3,1,211
,050A059,15,14,67,1,1,8,9,1,2,135,29,29,0,1,11,5,4,332
,050A060,20,12,64,5,4,7,16,1,1,78,37,39,4,2,2,7,6,305
,050A061,8,19,80,2,9,7,7,0,0,156,54,46,0,0,7,3,3,401
,050A062,16,7,74,5,10,3,13,0,1,100,28,27,1,0,7,2,1,295
,050A063,16,12,55,3,11,14,12,1,3,126,35,41,0,1,12,4,4,350
,050A064,9,11,70,9,6,3,19,2,0,88,32,33,0,0,2,3,3,290
,050A065,15,11,84,0,2,6,4,3,0,178,36,34,1,1,7,2,5,389
,050A066,10,13,105,0,0,2,3,1,0,172,35,61,0,0,5,10,0,417
,050A067,14,22,108,2,7,14,5,0,0,69,54,53,0,1,5,4,2,360
,050A068,3,14,68,2,12,8,3,2,0,68,61,39,0,1,8,9,1,299
,050A069,17,14,66,0,1,4,7,3,2,101,53,29,2,0,1,0,2,302
,050A070,9,13,65,3,10,10,1,4,0,83,25,43,0,1,17,2,1,287
,050A071,27,6,42,4,27,3,7,0,0,46,58,54,0,1,1,0,2,278
,050A072,30,6,26,1,0,0,11,0,0,41,47,17,0,1,3,1,8,192
,050A073,32,23,91,0,7,4,12,1,0,97,96,45,0,1,2,1,5,417
,050A074,10,11,101,5,8,8,5,2,1,76,32,62,1,0,7,5,5,339
,050A075,12,7,68,2,3,9,5,3,3,67,35,39,1,1,1,4,1,261
,050A076,19,14,110,6,3,28,1,1,0,89,42,61,0,1,6,4,4,389
,050A077,9,10,88,6,6,9,11,0,0,95,45,75,0,1,4,4,1,364
,050A078,9,14,91,4,12,7,5,4,1,95,32,76,0,1,8,6,5,370
,050A079,11,25,106,5,4,22,2,0,5,115,74,86,1,1,2,5,2,466
,050A080,1,0,12,10,69,0,25,0,0,6,0,3,3,0,0,0,0,129
,050A081,15,15,74,0,1,4,15,2,2,97,107,137,0,0,4,19,5,497
,050A082,20,7,51,2,0,1,14,1,0,88,68,35,2,0,3,0,3,295
,050A083,8,4,26,0,1,0,15,0,0,42,44,14,0,0,3,1,2,160
,050A084,10,10,38,0,2,2,17,0,0,43,71,24,1,0,1,1,3,223
,050A085,1,0,19,22,79,0,1,0,0,8,0,26,0,0,0,0,1,157
,050A086,2,0,20,9,46,3,7,0,0,15,12,28,0,0,1,1,0,144
,050A087,0,0,20,14,73,1,2,0,0,5,1,21,1,0,1,2,0,141
,050A088,11,21,59,2,3,4,25,0,1,85,71,41,0,0,7,11,2,343
,050A089,12,33,33,2,1,0,47,2,0,54,146,33,3,0,17,4,5,392
,050A090,7,17,21,1,1,0,60,0,2,41,136,16,6,0,16,4,1,329
,050A091,7,32,46,0,3,0,40,0,1,32,97,21,1,0,11,6,6,303
,050A092,11,27,58,0,1,1,49,1,0,101,89,29,1,1,20,1,2,392
,050A093,0,4,4,0,2,0,38,0,11,17,11,21,1,0,1,18,3,131
,050A094,16,12,90,5,7,19,9,0,1,104,55,80,0,2,9,4,3,416
,050A095,7,11,101,8,9,25,6,1,1,106,59,77,0,2,11,2,3,429
,050A096,19,15,98,2,8,9,8,2,4,68,24,75,0,3,4,5,2,346
,050A097,11,12,82,5,9,17,4,1,2,81,39,71,4,0,6,4,0,348
,050A098,10,11,111,9,9,17,3,3,1,91,37,84,1,3,9,9,4,412
,050A099,20,13,92,3,6,19,3,1,1,93,54,76,0,1,6,5,4,397
,050A100,3,6,41,0,0,1,2,0,0,51,21,20,1,1,4,1,2,154
,050A101,7,11,125,8,9,17,10,5,1,80,57,59,0,1,10,6,0,406
,050A102,8,15,70,3,12,3,3,1,0,59,77,43,0,0,7,0,4,305
,050A103,12,22,79,13,8,23,10,1,1,111,51,80,0,1,6,8,2,428
,050A104,7,18,73,12,25,3,4,1,0,55,60,36,1,1,7,8,0,311
,050A105,17,27,80,0,0,2,9,3,1,126,102,29,0,2,4,5,2,409
,050A106A,7,8,85,0,1,3,2,0,0,57,39,35,0,1,5,8,1,252
,050A106B,6,4,58,1,2,6,3,0,1,86,50,40,2,1,8,2,4,274
,050A107,10,29,84,3,0,5,4,3,0,110,76,45,0,4,8,0,3,384
,050A108,15,11,64,0,5,3,1,1,0,82,48,52,1,0,2,6,2,293
,050A109,11,15,73,1,1,2,9,2,0,83,73,40,0,0,4,3,5,322
,050A110,6,7,103,1,7,2,3,1,0,112,50,48,1,0,4,5,2,352
,050A111,18,22,122,0,0,5,6,0,0,79,63,32,0,0,4,3,1,355
,050A112,16,9,65,2,2,0,12,1,0,63,32,31,0,0,6,0,1,240
,050A113,14,26,99,1,2,6,10,0,1,133,75,33,0,0,3,2,2,407
,050A114,15,12,71,1,0,7,6,0,0,71,35,18,2,0,0,0,2,240
,050A115,11,30,69,4,14,1,11,1,0,86,52,50,0,0,11,3,2,345
,050A116,5,12,48,13,16,4,18,4,1,87,41,41,0,0,3,11,4,308
,050A117,9,17,86,1,6,15,19,2,2,73,95,49,0,0,10,3,5,392
,050A118,10,10,51,4,1,5,6,0,1,44,19,40,0,0,1,5,5,202
,050A119,15,22,84,6,9,6,7,2,0,105,32,68,0,1,7,18,10,392
,050A120,16,22,80,0,2,6,66,1,0,83,46,31,0,0,6,6,2,367
,050A121,14,28,61,2,7,9,39,1,0,86,32,33,0,0,16,3,1,332
,050A122,12,18,87,5,8,6,6,1,2,96,46,99,1,2,7,9,8,413
,050A123,13,28,73,2,5,3,16,1,1,113,50,38,0,0,4,6,1,354
,050A124,9,11,106,7,9,14,9,0,2,69,32,104,2,1,2,16,3,396
,050A125,10,11,94,4,12,9,7,3,0,84,50,92,1,0,7,9,3,396
,050A126,15,11,110,6,7,12,8,0,3,92,39,95,1,3,5,5,3,415
,050A127,12,13,97,3,11,9,9,2,4,82,50,62,0,1,4,12,3,374
,050A128,10,15,84,3,14,21,8,1,1,106,49,85,0,1,1,3,3,405
,050A129,13,13,95,0,12,21,3,3,3,84,65,70,1,3,10,4,2,402
,050A130,13,21,82,9,5,12,15,5,0,107,44,67,0,0,8,8,4,400
,050A131,17,10,70,10,7,10,5,1,1,55,38,87,0,0,4,4,0,319
,050A132,3,9,97,7,9,9,4,3,1,54,33,62,1,0,8,6,5,311
,050A133,11,8,111,2,0,5,22,0,0,37,54,89,0,1,4,3,1,348
,050A134,16,8,83,1,6,1,30,0,0,43,19,47,0,0,5,1,2,262
,050A135,9,12,42,0,0,1,23,0,0,45,109,30,0,0,5,2,4,282
,050A136,9,3,35,0,0,0,18,0,0,23,81,21,0,0,2,0,4,196
,050A137,7,48,103,1,0,4,12,0,0,105,74,35,1,3,7,3,5,408
,050A138,8,4,67,0,3,1,14,0,0,54,19,47,1,0,5,1,1,225
,050A139,9,21,106,0,0,9,32,0,0,134,85,47,0,1,6,2,4,456
,050A140,15,23,80,1,0,3,2,3,0,121,71,47,0,2,2,7,7,384
,050A141,15,14,81,2,0,13,7,1,0,120,111,47,1,2,8,10,1,433
,050A142,6,20,105,3,16,14,8,0,0,76,74,74,1,0,12,5,1,415
,050A143,4,4,64,5,3,8,6,1,0,71,75,53,1,1,4,8,0,308
,050A144,10,17,84,5,11,23,1,1,2,83,50,63,0,1,8,5,4,368
,050A145,11,12,111,6,5,21,0,4,0,72,100,72,0,5,10,10,2,441
,050A146,9,23,113,3,4,13,13,2,0,128,82,61,0,1,6,11,2,471
,050A147,4,11,105,3,8,16,3,3,1,78,55,59,0,3,4,9,1,363
,050A148,12,15,115,1,1,8,8,1,0,121,45,56,0,0,6,5,3,397
,050A149,6,4,31,1,2,5,1,0,0,38,14,22,0,0,5,0,0,129
,050A150,16,13,104,1,2,6,11,2,1,92,27,59,0,1,3,4,1,343
,050A151,15,25,117,4,1,4,6,0,1,99,43,50,0,1,9,10,2,387
,050A152,26,15,126,1,11,8,19,0,0,86,24,27,0,2,0,16,3,364
,052A000,0,0,0,0,0,0,0,0,0,0,0,0,0,0,0,0,0,0
,052A001,2,5,32,0,0,1,1,0,0,50,40,20,0,2,109,1,1,264
,052A002,0,7,68,0,0,0,4,0,0,52,39,26,0,0,169,1,0,366
,052A003,0,17,25,1,1,0,0,0,0,38,60,25,0,1,243,2,0,413
,052A004,1,7,14,0,0,0,7,0,0,14,120,10,0,1,65,1,1,241
,052A005,2,14,17,0,0,1,28,0,0,20,94,44,1,1,15,0,1,238
,052A006,0,7,27,1,0,0,8,0,0,25,173,5,0,0,2,0,4,252
,052A007,3,6,0,0,1,0,0,0,0,9,175,15,0,0,15,0,0,224
,052A008,7,4,6,0,0,0,1,0,1,5,162,13,2,1,17,0,3,222
,052A009,3,6,22,0,0,0,9,2,0,19,191,11,0,1,17,0,3,284
,052A010,0,7,11,1,0,0,3,0,0,16,161,12,1,5,38,0,1,256
,052A011,0,1,7,0,0,0,0,0,3,12,63,10,0,3,23,0,0,122
,052A012,0,0,1,9,242,0,131,0,0,0,0,0,0,0,0,0,1,384
,052A013,4,3,29,1,0,1,6,0,0,32,182,10,0,0,6,1,3,278
,052A014,4,3,25,0,0,0,2,0,0,44,75,14,0,0,107,0,1,275
,052A015,4,8,45,0,0,0,8,0,0,41,76,29,0,0,136,1,0,348
,052A016,0,6,25,0,0,1,2,0,0,7,146,11,0,0,48,1,2,249
,055A001A,4,42,46,1,0,0,0,0,0,33,273,39,1,0,7,0,5,451
,055A001B,0,20,10,0,0,0,10,0,0,30,126,26,0,1,12,0,0,235
,055A001C,2,13,7,0,0,0,2,0,1,14,145,5,0,0,17,0,0,206
,055A002A,3,32,21,0,0,0,13,2,0,71,185,53,0,1,34,1,3,419
,055A002B,3,38,20,0,0,0,8,1,1,38,112,11,2,0,21,0,2,257
,055A003,3,39,31,0,0,0,48,1,0,32,234,12,0,2,33,1,1,437
,055A004,0,11,14,0,0,0,2,0,0,51,305,14,0,0,9,0,0,406
,055A005,1,25,24,1,0,0,16,0,0,26,171,64,0,0,13,0,0,341
,055A006,2,11,15,0,0,0,5,0,0,18,165,6,1,0,2,0,1,226
,078A000,0,0,0,0,0,0,0,0,0,0,0,0,0,0,0,0,0,0
,078A001,2,4,28,0,1,1,0,0,0,19,295,41,0,0,3,0,1,395
,078A002,1,13,32,3,4,1,0,1,1,50,221,81,2,0,2,0,1,413
,078A003,3,10,50,1,1,0,1,0,0,57,232,41,1,0,7,0,0,404
,078A004,1,10,53,2,0,0,0,0,0,52,179,39,1,3,3,0,0,343
,078A005,0,8,33,0,3,1,0,0,0,36,180,42,1,0,9,0,0,313
,078A006,6,5,55,1,2,0,1,1,1,69,264,47,1,1,0,0,2,456
,078A007,1,4,23,0,0,0,0,0,0,12,384,54,1,0,2,0,0,481
,078A008,0,8,8,0,0,0,0,0,0,31,411,16,0,0,4,2,0,480
,078A009,0,8,19,0,3,0,2,0,0,32,215,56,1,0,0,0,1,337
,078A010,0,4,18,0,0,0,0,0,0,28,257,48,0,0,4,1,1,361
,078A011A,2,2,10,0,0,0,0,0,0,14,373,65,0,0,6,0,0,472
,078A011B,2,0,28,0,0,0,0,1,0,14,307,53,0,0,1,0,0,406
,078A012A,1,5,17,0,0,0,0,0,0,17,559,20,0,0,1,0,0,620
,078A012B,0,7,23,0,0,2,0,0,0,23,664,19,0,0,1,0,1,740
,078A012C,1,5,12,0,0,0,0,0,0,13,398,21,0,0,2,1,0,453
,078A013,2,11,64,0,1,1,1,0,0,59,328,63,0,1,8,2,1,542
,078A014,0,0,1,0,0,0,0,0,0,6,167,1,0,0,0,0,0,175
,078A015,1,6,26,0,0,1,0,0,0,34,613,23,0,0,1,0,3,708
,078A016,0,2,9,0,0,0,0,0,0,40,567,29,0,0,2,0,0,649
,078A017,2,14,21,0,0,1,0,0,0,29,613,31,0,1,3,1,0,716
,078A018,0,0,4,0,0,0,0,0,0,0,195,2,0,0,0,0,0,201
,078A019,3,12,34,0,0,0,0,0,0,43,426,28,0,0,5,0,2,553
,078A020,0,6,28,0,0,0,0,0,0,18,436,45,1,0,10,0,2,546
,078A021,1,4,17,1,0,0,0,0,0,41,435,4,0,0,1,0,1,505
,078A022,3,0,9,0,0,0,0,0,0,4,217,15,0,0,0,0,0,248
,078A023,0,6,33,0,0,0,0,0,0,46,463,98,0,0,2,1,0,649
,078A024,3,6,47,1,0,1,0,1,1,83,367,63,0,0,4,0,1,578
,078A025,1,3,25,0,0,0,2,0,0,15,399,13,0,0,5,0,0,463
,078A026,1,4,21,0,1,0,0,0,0,39,455,21,0,0,1,1,0,544
,078A027,0,5,15,0,0,0,0,0,0,9,280,31,0,0,5,0,0,345
,078A028,1,2,30,0,5,2,0,0,0,35,217,42,0,0,7,1,1,343
,078A029,0,4,23,0,0,0,0,0,0,16,126,13,0,0,3,0,0,185
,078A030,0,5,2,0,0,0,0,0,0,4,176,6,0,0,1,0,0,194
,078A031,0,9,29,2,5,1,0,2,0,49,221,52,1,0,9,1,3,384
,078A032,0,1,6,0,0,0,0,0,0,6,244,0,0,0,0,0,0,257
,079A000,0,0,0,0,0,0,0,0,0,0,0,0,0,0,0,0,0,0
,079A001,6,42,17,0,0,0,2,0,0,33,148,20,0,2,37,1,1,309
,079A002,4,37,14,1,0,3,6,0,1,16,142,22,0,0,23,1,0,270
,079A003,6,38,18,1,0,3,9,0,0,20,238,21,0,0,33,0,6,393
,079A004,3,5,14,0,0,0,4,0,0,9,123,45,0,2,2,1,4,212
,079A005A,0,22,12,0,0,0,9,0,0,13,175,42,0,3,5,1,5,287
,079A005B,4,4,12,4,0,0,2,0,0,23,138,43,0,0,8,2,5,245
,079A006,0,25,3,0,1,0,20,0,0,32,189,33,0,1,0,0,1,305
,079A007,4,17,13,0,2,1,23,0,0,14,322,19,0,2,7,0,3,427
,079A008A,3,16,8,0,0,1,11,0,0,11,170,50,0,0,7,2,1,280
,079A008B,3,21,9,1,0,1,28,0,0,9,138,66,0,0,3,2,6,287
,079A009A,4,8,33,1,0,16,54,0,0,31,67,37,0,0,10,0,0,261
,079A009B,6,13,27,0,0,20,74,0,0,37,75,46,0,0,2,0,2,302
,079A010,8,3,16,2,0,0,7,0,0,20,78,65,0,0,5,1,0,205
,079A011A,7,15,22,5,2,2,18,1,0,49,160,82,0,0,9,1,4,377
,079A011B,3,11,30,2,1,0,15,0,0,31,154,80,0,0,4,1,0,332
,079A012,2,11,18,0,0,2,17,0,0,18,114,44,0,0,2,1,2,231
,079A013,2,22,59,0,0,0,18,0,0,51,203,80,0,1,32,0,3,471
,079A014,3,14,51,1,0,2,16,0,0,31,103,69,0,0,25,0,0,315
,079A015,9,15,63,2,0,1,15,0,0,33,95,56,0,1,44,0,1,335
,079A016,6,6,44,0,0,0,25,1,0,27,129,44,0,0,31,0,3,316
,079A017,6,18,37,0,1,2,5,0,1,35,131,16,0,2,26,0,0,280
,079A018,4,21,69,1,3,3,12,0,0,34,125,56,0,0,40,2,5,375
,079A019,7,11,61,1,5,4,17,0,1,33,118,37,1,1,27,0,4,328
,079A020,2,13,22,0,0,4,100,0,0,25,81,76,0,0,37,1,1,362
,079A021,3,33,49,0,0,3,8,0,0,57,89,19,0,0,21,0,2,284
,079A022,4,31,51,0,0,1,0,0,0,63,144,16,0,0,44,3,4,361
,079A023,2,12,20,1,0,10,14,1,0,67,174,52,0,0,52,0,2,407
,079A024,5,12,37,0,0,2,14,0,0,31,192,27,0,0,10,1,0,331
,079A025,7,13,36,0,0,1,2,1,0,29,227,46,0,0,18,0,1,381
,079A026,2,13,44,2,3,0,3,0,0,59,125,77,0,1,12,1,1,343
,079A027,5,19,49,8,26,3,5,1,0,76,143,64,2,0,14,0,1,416
,079A028,3,22,40,1,0,1,3,2,0,100,83,42,0,0,17,0,0,314
,079A029,8,22,32,0,0,3,5,1,0,84,135,36,0,0,15,1,1,343
,079A030,1,7,54,26,116,4,0,0,0,21,37,27,0,0,5,0,1,299
,079A031,6,13,54,5,14,0,38,0,0,29,140,38,0,0,3,0,1,341
,079A032,5,16,35,4,21,1,25,0,0,39,64,31,0,0,5,0,1,247
,079A033,10,21,49,0,5,1,9,1,1,58,93,121,0,0,20,2,2,393
,079A034,12,20,65,0,0,0,11,0,0,49,144,77,0,0,21,0,3,402
,079A035A,1,16,58,0,0,1,11,0,1,31,143,82,0,0,11,0,0,355
,079A035B,4,8,34,0,0,0,6,0,0,23,125,51,0,1,18,0,3,273
,079A036,15,33,61,0,0,0,3,1,0,44,58,42,2,2,75,0,3,339
,079A037,12,33,48,0,0,3,18,0,0,71,160,53,0,1,127,0,0,526
,079A038,11,7,32,0,0,1,1,0,0,49,81,40,0,1,71,0,2,296
,079A039,3,19,45,0,0,1,2,0,0,48,110,32,0,0,72,1,3,336
,079A040,6,27,60,0,0,5,12,0,0,70,212,34,0,0,50,1,0,477
,079A041A,9,20,57,0,1,2,5,0,0,51,154,29,0,1,47,0,2,378
,079A041B,10,20,45,0,1,3,5,0,0,43,168,32,2,0,37,1,1,368
,079A042,2,3,33,17,66,1,6,0,0,20,17,52,0,0,3,0,0,220
,079A043,8,6,22,1,0,3,5,0,0,32,79,67,0,0,9,1,1,234
,079A044,9,4,48,3,11,1,7,0,0,55,138,110,0,0,6,2,2,396
,079A045,10,18,37,0,0,0,1,1,0,51,136,59,0,0,7,4,4,328
,079A046,16,16,39,0,0,0,1,0,0,66,103,40,0,1,19,0,4,305
,079A047,8,20,44,0,0,0,0,1,0,60,161,36,0,0,50,0,7,387
,079A048A,5,10,31,0,0,1,2,0,0,59,96,45,0,0,28,0,3,280
,079A048B,6,22,30,0,0,2,1,0,0,55,125,42,0,1,24,0,4,312
,079A049,7,17,33,0,0,2,2,0,0,45,149,80,0,2,17,1,5,360
,079A050,2,13,34,17,64,2,8,0,0,27,77,13,1,0,12,1,0,271
,079A051,8,29,73,8,27,1,12,0,0,63,99,47,0,1,20,1,2,391
,079A052A,5,17,37,0,7,4,6,0,0,37,83,21,0,0,15,1,1,234
,079A052B,7,28,56,0,6,2,5,1,0,55,108,46,0,3,11,0,1,329
,079A052C,5,24,23,0,0,0,8,1,0,36,59,10,0,1,17,2,1,187
,079A053,3,17,38,0,0,2,10,1,0,25,101,44,0,0,1,2,2,246
,079A054,5,37,27,2,5,0,10,0,0,41,110,27,1,1,8,0,2,276
,079A055,8,95,62,1,2,2,18,0,0,62,109,38,0,2,20,0,4,423
,079A056A,7,14,49,0,1,1,7,0,0,37,95,40,0,0,14,1,4,270
,079A056B,2,25,54,2,0,3,6,0,0,34,98,26,0,0,6,1,3,260
,079A056C,7,19,46,0,0,3,7,0,0,46,55,41,1,0,3,0,3,231
,079A057,2,11,22,0,0,0,4,0,0,30,99,30,0,1,34,0,2,235
,079A058,2,13,25,0,3,0,5,0,0,31,69,14,0,1,31,0,1,195
,079A059,0,11,31,1,9,7,7,1,0,52,57,34,0,0,6,0,2,218
,079A060,4,16,32,1,0,1,8,0,0,41,59,30,0,0,19,0,0,211
,079A061,2,19,77,4,20,2,8,0,1,80,59,80,1,0,12,3,3,371
,079A062,1,3,47,3,9,5,5,0,1,57,68,57,1,0,12,0,1,270
,079A063A,11,11,55,4,9,7,6,0,0,80,108,77,1,1,18,0,1,389
,079A063B,2,5,47,6,7,2,3,0,1,34,63,58,0,1,24,1,4,258
,079A064A,3,22,59,1,13,1,1,0,1,49,56,24,0,0,26,0,4,260
,079A064B,3,8,34,8,11,1,10,0,0,34,61,33,0,0,40,0,3,246
,079A065,4,19,50,1,17,0,13,0,0,53,59,71,0,0,11,0,2,300
,079A066,2,16,36,1,0,0,0,1,0,65,67,28,1,1,14,0,5,237
,079A067,4,6,55,2,19,1,3,1,0,63,116,49,0,0,13,0,1,333
,079A068A,7,11,47,3,3,3,5,0,2,41,51,24,0,1,8,0,5,211
,079A068B,1,7,24,0,7,1,0,0,0,19,28,22,0,0,8,0,2,119
,079A069,4,6,47,4,28,1,3,0,0,46,34,40,0,0,4,0,4,221
,079A070,6,9,80,1,11,4,8,2,1,83,91,77,0,0,11,1,5,390
,079A071,2,11,48,10,19,0,2,0,0,50,79,23,0,1,9,0,7,261
,080A000,0,0,0,0,0,0,0,0,0,0,0,0,0,0,0,0,0,0
,080A001,1,26,33,0,0,2,6,0,0,45,111,39,0,2,13,1,0,279
,080A002,8,11,44,0,0,5,2,1,0,28,119,53,0,1,16,1,2,291
,080A003,5,22,43,0,0,5,1,0,0,18,150,67,0,0,10,3,1,325
,080A004,1,22,52,0,0,10,3,0,0,28,100,71,0,2,1,2,3,295
,080A005A,1,24,27,0,0,0,0,0,0,19,181,22,0,0,29,3,0,306
,080A005B,1,22,19,0,0,0,5,0,0,29,127,32,0,2,12,0,0,249
,080A006A,3,22,13,0,0,0,0,1,0,16,100,13,0,0,4,2,0,174
,080A006B,0,19,17,0,0,0,1,0,0,13,151,22,1,0,5,0,1,230
,080A007A,4,19,50,0,0,4,7,0,0,25,163,49,1,0,7,0,3,332
,080A007B,2,26,49,0,0,5,7,0,0,59,204,60,0,0,6,1,1,420
,080A007C,0,2,15,0,0,0,0,0,0,8,12,16,0,0,1,0,1,55
,080A008,7,15,16,0,0,6,2,0,0,27,121,53,0,1,8,0,2,258
,080A009A,7,41,44,0,0,0,22,0,0,40,79,78,0,0,12,2,1,326
,080A009B,13,34,56,0,0,0,9,0,0,49,137,112,0,0,6,0,4,420
,080A009C,1,20,39,0,0,4,4,0,0,12,90,109,0,0,4,1,1,285
,080A010A,7,34,31,0,0,2,8,1,0,30,76,41,0,0,10,0,0,240
,080A010B,0,21,17,0,0,1,0,0,0,10,91,16,0,0,4,0,2,162
,080A011A,4,23,37,1,0,3,35,0,0,21,137,52,0,1,2,0,4,320
,080A011B,3,32,23,1,0,1,54,0,1,38,78,83,0,0,1,0,3,318
,080A011C,1,20,26,0,0,1,43,0,0,23,84,37,0,0,8,2,4,249
,080A012A,3,16,42,0,0,6,11,0,0,75,133,101,1,0,6,0,2,396
,080A012B,1,4,44,0,1,0,8,0,0,24,84,56,0,0,1,0,2,225
,080A012C,1,20,31,0,0,0,9,0,0,39,54,43,0,0,1,0,2,200
,080A013,0,2,1,0,0,0,4,0,3,3,4,6,0,0,0,1,0,24
,080A014A,13,31,48,1,0,1,4,0,0,44,138,91,0,0,28,0,0,399
,080A014B,6,19,19,2,0,0,11,0,1,23,115,27,0,0,12,0,4,239
,080A014C,4,56,34,1,0,0,3,0,0,56,143,64,0,0,31,0,5,397
,080A014D,3,25,19,1,0,1,8,0,0,30,36,39,0,0,5,0,2,169
,080A015A,5,25,21,0,0,0,5,0,0,54,257,49,0,6,8,1,5,436
,080A015B,6,15,18,0,0,0,4,1,0,26,205,59,0,0,1,0,0,335
,080A015C,0,8,12,0,0,0,4,0,0,46,198,33,0,0,0,0,0,301
,080A016A,9,37,38,0,0,0,10,0,0,60,156,135,0,0,7,0,2,454
,080A016B,3,41,44,1,0,0,8,1,0,51,96,115,0,1,13,1,0,375
,080A016C,7,40,34,1,0,0,18,0,0,25,72,68,0,0,7,1,2,275
,080A016D,2,29,18,0,0,0,1,0,0,29,75,58,0,0,2,0,1,215
,080A017A,6,121,39,0,1,6,25,0,0,66,109,51,1,0,42,0,0,467
,080A017B,2,59,20,0,0,0,7,1,0,40,114,36,0,1,30,0,1,311
,080A018A,2,27,24,0,0,0,15,0,0,14,111,34,1,0,6,0,0,234
,080A018B,3,29,31,0,0,0,18,0,0,23,68,63,0,0,2,0,0,237
,080A019,1,22,7,0,0,0,4,0,0,13,225,16,0,0,1,1,1,291
,080A020,3,36,36,0,0,1,0,0,0,67,182,12,0,0,1,0,0,338
,080A021,6,24,16,0,0,0,12,0,1,19,113,54,0,0,22,2,2,271
,080A022,3,14,17,0,0,1,1,0,0,13,186,11,0,0,13,0,1,260
,080A023A,8,20,18,0,0,2,11,1,0,21,144,49,0,0,5,0,0,279
,080A023B,3,12,53,0,0,4,8,1,0,25,139,97,1,0,3,1,3,350
,080A023C,0,6,27,0,0,2,1,0,0,10,58,17,0,0,0,0,1,122
,080A024,8,18,12,0,0,6,4,0,0,17,118,65,0,1,4,0,1,254
,080A025,2,10,2,0,0,0,0,0,0,11,121,15,0,1,5,0,0,167
,080A026A,2,0,47,1,0,0,7,0,0,0,140,140,0,0,0,0,0,337
,080A026B,3,6,19,0,0,2,4,0,2,21,75,71,0,0,1,0,0,204
,080A027,1,23,25,0,0,0,4,0,0,28,81,41,0,0,6,1,1,211
,082A000,0,0,0,0,0,0,0,0,0,0,0,0,0,0,0,0,0,0
,082A001A,2,11,16,0,0,0,0,0,0,14,119,0,0,0,22,0,2,186
,082A001B,12,14,37,0,0,0,1,2,0,5,196,5,0,1,48,0,1,322
,082A002,85,4,25,0,0,0,0,0,0,17,215,39,0,0,30,0,2,417
,082A003,60,4,89,0,0,0,6,0,0,4,509,12,0,0,31,0,0,715
,082A004,32,8,14,2,0,0,0,0,0,6,177,6,0,1,55,0,2,303
,082A005A,14,22,41,0,0,0,0,0,0,21,255,0,0,0,39,0,2,394
,082A005B,45,5,34,0,0,0,0,0,0,21,204,25,1,0,49,0,2,386
,082A005C,14,5,8,0,0,0,0,0,0,10,192,14,0,0,45,0,0,288
,082A006,44,4,61,0,0,0,0,0,0,12,131,9,0,2,44,0,1,308
,082A007A,85,7,33,0,0,0,0,0,0,9,193,28,0,0,38,0,0,393
,082A007B,79,0,32,0,0,0,0,0,0,3,184,15,0,0,17,0,0,330
,082A007C,63,8,14,0,0,0,0,2,0,2,137,13,0,1,19,0,1,260
,082A008,12,6,9,0,0,0,0,0,0,15,279,21,1,0,144,0,0,487
,082A009,62,11,41,0,0,1,0,0,0,21,160,11,0,0,20,0,0,327
,082A010,6,1,1,0,0,0,0,0,18,1,9,0,0,0,1,0,0,37
,098A000,0,0,0,0,0,0,0,0,0,0,0,0,0,0,0,0,0,0
,098A001,2,7,24,1,1,0,11,1,0,17,207,5,0,1,233,2,1,513
,098A002,2,0,32,0,0,0,2,0,0,14,164,5,0,2,85,1,1,308
,098A003,1,1,10,0,0,0,11,0,0,14,132,7,0,0,7,2,0,185
,098A004,2,7,37,0,0,0,2,0,5,24,122,6,0,2,31,0,3,241
,098A005,3,6,10,0,0,1,1,0,0,9,156,8,0,0,58,5,0,257
,098A006,1,4,31,0,0,1,0,0,0,19,110,3,0,1,23,6,1,200
,098A007,1,2,14,0,0,0,0,0,0,10,156,1,1,0,30,1,0,216
,098A008,1,0,9,0,0,0,3,0,0,12,143,4,0,0,75,0,0,247
,098A009,5,7,22,0,0,0,1,0,0,20,60,13,0,1,94,2,1,226
,098A010,4,9,32,0,0,5,13,0,0,29,59,21,0,0,167,22,5,366
,098A011,3,5,10,0,0,0,1,0,0,18,64,5,0,0,20,0,1,127
,098A012,8,8,53,0,0,1,0,0,0,50,187,29,2,1,69,3,2,413
,098A013,0,7,55,0,0,0,0,0,0,33,57,5,0,0,117,2,0,276
,098A014,1,14,32,0,2,0,8,0,0,26,87,38,0,1,53,2,1,265
,098A015,3,9,32,0,0,3,8,0,0,48,91,17,0,1,34,1,3,250
,098A016,1,7,32,0,0,2,10,0,0,30,121,16,0,5,55,1,2,282
,098A017,0,11,8,0,0,0,3,0,0,7,105,1,0,0,30,0,0,165
,098A018,1,19,69,0,0,0,14,2,0,31,162,46,0,0,37,1,1,383
,098A019,3,1,18,2,0,0,4,0,0,24,88,9,0,1,89,4,0,243
,098A020,2,14,44,1,1,0,6,0,1,42,79,26,0,1,42,1,1,261
,098A021,7,24,36,0,0,1,2,0,0,24,110,51,0,2,48,3,1,309
,098A022,5,8,47,1,0,0,15,0,0,30,99,36,1,0,33,1,1,277
,200C001,0,0,0,0,0,0,0,0,5,1,0,1,0,0,1,0,0,8
,200C002,0,0,0,1,0,0,0,0,0,0,0,0,0,0,0,0,0,1
,200C003,0,5,31,1,3,0,1,0,1,11,21,11,0,1,16,0,0,102
,200C004,1,11,26,0,5,0,0,0,0,18,9,4,0,0,16,0,2,92
,200C005,0,0,4,35,197,0,0,0,2,0,0,0,0,0,1,0,2,241
,200C006,0,1,7,2,0,1,1,0,2,3,5,17,0,0,5,0,0,44
,200C007,0,3,10,1,3,0,0,0,2,7,2,12,0,0,4,1,1,46
,200C008,0,0,6,0,3,0,0,0,1,2,0,5,0,0,1,0,0,18
,200C009,0,2,5,0,0,0,0,0,2,3,5,0,0,0,2,0,1,20
,200C010,0,0,4,62,198,0,0,0,0,0,1,0,0,0,0,0,0,265
,200C011,0,0,0,21,69,0,0,0,0,0,0,0,0,0,0,0,8,98
,200C012,5,3,6,0,2,0,1,0,9,6,74,16,0,0,16,0,0,138
,200C013,0,0,0,0,0,0,0,0,1,0,0,0,0,0,0,0,0,1
,200C014A,1,18,36,1,0,2,2,0,0,39,88,66,0,1,11,0,1,266
,200C014B,5,7,44,0,0,0,1,0,0,35,70,46,0,0,29,0,5,242
,200C015,2,8,39,0,0,2,1,0,0,52,70,50,1,0,14,1,9,249
,200C016,2,10,57,0,1,0,2,0,1,39,26,41,28,0,0,0,3,210
,200C017,1,2,8,0,0,1,0,0,0,29,16,28,0,0,18,1,0,104
,200C018,0,0,0,0,2,0,0,0,0,0,0,0,0,0,0,0,0,2
,200C019,0,0,1,1,0,0,0,0,3,1,0,0,0,0,0,0,0,6
,200C020,0,0,0,0,0,0,0,0,0,0,0,0,0,0,0,0,0,0
,200C021,0,0,12,0,1,0,0,0,2,8,10,1,0,0,0,0,0,34
,200C022,0,2,28,1,2,0,0,0,2,15,7,17,0,0,5,0,0,79
,200C023,0,3,21,0,0,0,0,0,0,6,2,8,0,0,7,0,0,47
,200C024,0,2,14,1,1,0,0,0,3,4,3,10,0,0,2,1,3,44
,200C025,0,1,6,0,6,1,0,0,2,8,4,4,0,0,0,0,0,32
,200C026,1,0,4,0,4,0,0,0,3,8,2,8,0,0,2,0,0,32
,200C027,0,1,3,1,2,0,0,0,0,4,6,4,0,0,3,0,0,24
,200C028,0,1,13,1,6,0,0,0,2,3,1,17,0,0,3,0,0,47
,200C029,1,3,27,1,0,0,0,0,0,8,4,14,0,0,13,0,1,72
,200C030,0,1,20,1,3,2,1,0,4,5,8,6,0,0,0,0,0,51
,200C031,1,1,44,0,0,0,0,0,0,21,2,12,0,0,0,0,0,81
,200C032,1,3,14,0,1,0,0,0,1,6,4,16,0,0,1,0,0,47
,200C033,0,0,3,0,4,0,0,0,1,0,1,0,0,0,0,0,1,10
,200C034,0,1,5,0,0,0,0,0,0,3,37,6,0,0,17,0,0,69
,200C035,5,4,33,0,2,0,1,0,1,18,40,27,0,0,18,0,2,151
,200C036,0,0,1,10,107,0,0,0,1,0,0,0,0,0,0,1,0,120
,200C037,0,0,0,1,70,0,0,0,0,0,0,0,0,0,0,0,0,71
,200C038,0,0,0,0,3,0,0,0,2,1,0,0,0,0,0,0,0,6
,200C039,0,0,0,2,58,0,0,0,0,0,0,0,0,0,0,0,0,60
,200C040,1,0,0,9,105,0,0,0,0,0,0,0,0,0,0,0,0,115
,200C041,0,0,2,57,192,0,0,0,0,0,0,0,0,0,0,0,1,252
,200C042,1,2,7,3,1,0,0,0,0,11,13,6,0,0,0,0,1,45
,200C043,1,3,24,1,0,0,0,0,3,17,36,16,0,0,8,0,0,109
,200C044,0,0,1,2,98,0,0,0,0,0,0,0,0,0,0,0,0,101
,200C045,0,0,0,6,129,0,0,0,0,0,0,0,0,0,0,0,0,135
,200C046,0,0,0,0,0,0,0,0,0,0,0,0,0,0,0,0,0,0
,200C047,0,0,0,0,0,0,0,0,1,0,0,0,0,0,0,0,0,1
,200C048A,1,10,21,0,1,3,2,1,0,44,176,44,0,0,27,0,2,332
,200C048B,1,9,48,0,0,0,1,0,0,17,137,35,1,2,22,1,1,275
,200C049,0,0,3,15,106,0,0,0,0,0,0,1,0,0,0,0,17,142
,200C050,0,0,1,0,1,0,1,0,3,0,0,0,0,0,1,0,0,7
,200C051,0,0,0,0,0,0,0,0,0,1,0,1,0,0,0,0,0,2
,200C052,0,0,2,0,1,0,0,0,1,3,0,1,0,0,3,0,0,11
,200C053,1,1,13,2,2,0,1,0,0,10,8,6,0,1,1,0,0,46
,200C054,0,5,13,2,3,0,1,0,0,16,9,12,0,0,3,1,0,65
,200C055,0,0,11,0,2,0,0,0,0,9,2,19,0,0,1,0,0,44
,200C056,0,1,1,1,10,0,0,0,2,1,0,0,0,0,0,1,0,17
,200C057,0,0,0,0,1,0,1,0,1,1,0,0,0,0,0,0,0,4
,200C058,0,1,23,0,0,0,0,0,2,15,36,20,0,0,11,1,0,109
,200C059,0,2,40,0,0,0,0,0,0,11,8,12,0,0,10,0,2,85
,200C060,2,4,45,0,2,1,0,0,0,28,25,28,0,1,18,0,0,154
,200C061,0,16,35,0,0,1,0,0,0,34,29,18,0,0,8,0,1,142
,200C062,0,5,34,1,5,2,0,0,0,24,21,34,0,1,4,1,0,132
,200C063,1,8,33,0,1,0,0,0,1,28,30,24,0,0,11,0,1,138
,200C064,0,0,0,0,0,0,0,0,0,0,0,0,0,0,0,0,0,0
,200C065,0,0,0,7,45,0,0,0,3,0,0,0,2,0,0,0,0,57
,200C066,0,1,0,4,16,0,0,0,0,0,1,1,0,0,1,0,0,24
,200C067A,3,5,29,0,0,1,1,0,0,36,235,38,0,0,15,0,1,364
,200C067B,5,4,18,0,2,0,1,0,0,14,210,26,0,0,14,1,1,296
,200C068,0,0,0,6,10,0,0,0,0,0,0,1,0,0,0,0,0,17
,200C069,0,4,19,0,1,0,0,0,0,14,19,25,0,0,15,0,0,97
,200C070,0,6,54,0,2,0,0,0,0,21,28,27,0,0,11,0,0,149
,200C071,1,7,18,0,2,0,0,0,0,16,17,17,0,0,10,0,0,88
,200C072,1,5,14,0,0,1,0,0,0,18,18,27,1,0,12,0,0,97
,200C073,2,4,29,0,0,0,0,0,0,44,101,24,0,0,6,3,0,213
,200C074,3,4,25,0,8,1,0,1,0,26,74,32,0,0,18,0,2,194
,200C075,2,4,21,0,0,0,0,0,0,83,126,133,0,0,14,0,0,383
,200C076,0,0,7,4,64,0,0,0,0,0,0,0,0,0,0,0,1,76
,200C078,0,0,0,0,1,0,0,0,1,0,0,0,0,0,0,0,0,2
,200C079,0,0,1,24,39,0,0,0,0,0,0,0,0,0,0,0,0,64
,200C080,0,4,10,0,2,2,2,0,0,17,25,11,0,0,15,0,0,88
,200C081,1,4,17,0,0,0,1,0,0,32,112,52,0,0,78,0,3,300
,200C082,0,0,0,0,0,0,0,0,0,0,0,0,0,0,0,0,0,0
,200C083,1,14,17,0,1,0,0,0,0,58,16,7,0,0,11,1,1,127
,200C084,0,0,0,0,0,0,0,0,0,0,0,0,0,0,0,0,0,0
,200C085,0,4,20,0,0,0,1,0,0,8,165,60,0,0,45,3,1,307
,200C086,0,0,0,0,0,0,0,0,0,0,0,0,0,0,0,0,0,0
,200C087,0,2,9,2,1,0,0,0,4,5,0,2,0,0,5,0,0,30
,200C088,0,4,9,1,4,1,0,0,4,2,0,3,0,0,2,0,0,30
,200C089,0,0,4,0,1,1,0,0,3,5,4,5,0,0,1,0,1,25
,200C090,0,0,6,1,7,0,0,0,2,3,4,1,0,0,2,0,0,26
,200C091,0,0,0,0,0,0,0,0,0,0,0,0,0,0,0,0,0,0
,200C092,0,7,23,2,0,0,1,0,0,24,40,25,1,0,17,0,1,141
,200C093,0,11,26,0,0,0,0,0,0,25,34,21,0,0,31,1,0,149
,200C094,0,0,1,0,1,0,0,0,3,1,1,1,0,0,0,0,0,8
,200C095,0,0,0,7,108,0,0,0,0,0,0,0,0,0,0,1,2,118
,200C096,0,0,0,0,0,0,0,0,0,0,0,0,0,0,0,0,0,0
,200C097,0,0,0,19,37,0,0,0,0,0,0,0,0,0,0,0,0,56
,200C098,0,0,1,10,28,0,0,0,0,3,0,6,0,0,0,0,1,49
,200C099,0,0,1,45,48,0,0,0,2,0,0,0,0,0,0,1,0,97
,200C100,0,0,0,0,0,0,0,0,1,0,0,0,0,0,0,0,0,1
,200C101,0,0,1,70,114,0,0,0,0,0,0,0,0,0,0,0,0,185
,200C102,0,0,0,0,0,0,0,0,0,3,3,1,0,0,6,0,0,13
,200C103,1,4,25,0,2,0,0,0,1,17,11,8,0,0,5,0,0,74
,200C104,2,2,8,0,0,0,0,0,0,9,8,11,0,0,4,0,0,44
,200C105,2,6,13,0,0,0,0,0,0,35,42,28,1,0,29,1,0,157
,200C106,0,1,2,0,4,0,0,0,3,5,1,2,0,0,1,0,0,19
,200C107,1,6,3,0,0,0,0,0,0,3,50,10,0,0,13,0,0,86
,200C108,0,0,0,0,0,0,0,0,2,0,0,0,0,0,0,0,0,2
,200C109,1,5,39,0,1,0,0,2,0,40,33,15,0,0,9,0,1,146
,200C110,0,0,0,0,2,0,0,0,0,0,0,0,0,0,0,0,0,2
,200C111,3,9,33,0,0,1,0,0,0,31,51,20,0,0,32,0,1,181
,200C112,0,2,7,0,0,0,0,0,0,36,11,10,0,0,4,0,2,72
,200C113,0,1,9,0,6,0,0,0,4,1,0,3,0,0,0,0,0,24
,200C114,3,6,41,0,0,0,1,0,3,29,14,8,0,0,10,1,0,116
,200C115,0,0,0,3,43,0,0,0,0,0,0,0,0,0,0,0,0,46
,200C116,0,0,0,0,5,0,0,0,4,0,1,0,0,0,0,1,0,11
